"layer","y","x","PANEL","group","flipped_aes","colour","linewidth","linetype","alpha","family","size","angle","hjust","vjust","fontface","lineheight","label"
1,100,1925,"1",-1,"FALSE","#1A237E",0.8,1,,,,,,,,,
1,105.555555555556,1929,"1",-1,"FALSE","#1A237E",0.8,1,,,,,,,,,
1,111.111111111111,1936,"1",-1,"FALSE","#1A237E",0.8,1,,,,,,,,,
1,116.666666666667,1946,"1",-1,"FALSE","#1A237E",0.8,1,,,,,,,,,
1,122.222222222222,1952,"1",-1,"FALSE","#1A237E",0.8,1,,,,,,,,,
1,127.777777777778,1957,"1",-1,"FALSE","#1A237E",0.8,1,,,,,,,,,
1,133.333333333333,1959,"1",-1,"FALSE","#1A237E",0.8,1,,,,,,,,,
1,138.888888888889,1960,"1",-1,"FALSE","#1A237E",0.8,1,,,,,,,,,
1,144.444444444444,1960,"1",-1,"FALSE","#1A237E",0.8,1,,,,,,,,,
1,150,1961,"1",-1,"FALSE","#1A237E",0.8,1,,,,,,,,,
1,155.555555555556,1964,"1",-1,"FALSE","#1A237E",0.8,1,,,,,,,,,
1,161.111111111111,1966,"1",-1,"FALSE","#1A237E",0.8,1,,,,,,,,,
1,166.666666666667,1967,"1",-1,"FALSE","#1A237E",0.8,1,,,,,,,,,
1,172.222222222222,1969,"1",-1,"FALSE","#1A237E",0.8,1,,,,,,,,,
1,177.777777777778,1970,"1",-1,"FALSE","#1A237E",0.8,1,,,,,,,,,
1,183.333333333333,1972,"1",-1,"FALSE","#1A237E",0.8,1,,,,,,,,,
1,188.888888888889,1972,"1",-1,"FALSE","#1A237E",0.8,1,,,,,,,,,
1,194.444444444444,1973,"1",-1,"FALSE","#1A237E",0.8,1,,,,,,,,,
1,200,1974,"1",-1,"FALSE","#1A237E",0.8,1,,,,,,,,,
1,205.555555555556,1975,"1",-1,"FALSE","#1A237E",0.8,1,,,,,,,,,
1,211.111111111111,1976,"1",-1,"FALSE","#1A237E",0.8,1,,,,,,,,,
1,216.666666666667,1976,"1",-1,"FALSE","#1A237E",0.8,1,,,,,,,,,
1,222.222222222222,1978,"1",-1,"FALSE","#1A237E",0.8,1,,,,,,,,,
1,227.777777777778,1978,"1",-1,"FALSE","#1A237E",0.8,1,,,,,,,,,
1,233.333333333333,1978,"1",-1,"FALSE","#1A237E",0.8,1,,,,,,,,,
1,238.888888888889,1978,"1",-1,"FALSE","#1A237E",0.8,1,,,,,,,,,
1,244.444444444444,1978,"1",-1,"FALSE","#1A237E",0.8,1,,,,,,,,,
1,250,1979,"1",-1,"FALSE","#1A237E",0.8,1,,,,,,,,,
1,255.555555555556,1980,"1",-1,"FALSE","#1A237E",0.8,1,,,,,,,,,
1,261.111111111111,1981,"1",-1,"FALSE","#1A237E",0.8,1,,,,,,,,,
1,266.666666666667,1982,"1",-1,"FALSE","#1A237E",0.8,1,,,,,,,,,
1,272.222222222222,1982,"1",-1,"FALSE","#1A237E",0.8,1,,,,,,,,,
1,277.777777777778,1982,"1",-1,"FALSE","#1A237E",0.8,1,,,,,,,,,
1,283.333333333333,1984,"1",-1,"FALSE","#1A237E",0.8,1,,,,,,,,,
1,288.888888888889,1984,"1",-1,"FALSE","#1A237E",0.8,1,,,,,,,,,
1,294.444444444444,1985,"1",-1,"FALSE","#1A237E",0.8,1,,,,,,,,,
1,300,1985,"1",-1,"FALSE","#1A237E",0.8,1,,,,,,,,,
1,305.555555555556,1985,"1",-1,"FALSE","#1A237E",0.8,1,,,,,,,,,
1,311.111111111111,1987,"1",-1,"FALSE","#1A237E",0.8,1,,,,,,,,,
1,316.666666666667,1987,"1",-1,"FALSE","#1A237E",0.8,1,,,,,,,,,
1,322.222222222222,1989,"1",-1,"FALSE","#1A237E",0.8,1,,,,,,,,,
1,327.777777777778,1989,"1",-1,"FALSE","#1A237E",0.8,1,,,,,,,,,
1,333.333333333333,1990,"1",-1,"FALSE","#1A237E",0.8,1,,,,,,,,,
1,338.888888888889,1990,"1",-1,"FALSE","#1A237E",0.8,1,,,,,,,,,
1,344.444444444444,1991,"1",-1,"FALSE","#1A237E",0.8,1,,,,,,,,,
1,350,1992,"1",-1,"FALSE","#1A237E",0.8,1,,,,,,,,,
1,355.555555555556,1993,"1",-1,"FALSE","#1A237E",0.8,1,,,,,,,,,
1,361.111111111111,1993,"1",-1,"FALSE","#1A237E",0.8,1,,,,,,,,,
1,366.666666666667,1994,"1",-1,"FALSE","#1A237E",0.8,1,,,,,,,,,
1,372.222222222222,1996,"1",-1,"FALSE","#1A237E",0.8,1,,,,,,,,,
1,377.777777777778,2000,"1",-1,"FALSE","#1A237E",0.8,1,,,,,,,,,
1,383.333333333333,2000,"1",-1,"FALSE","#1A237E",0.8,1,,,,,,,,,
1,388.888888888889,2001,"1",-1,"FALSE","#1A237E",0.8,1,,,,,,,,,
1,394.444444444444,2001,"1",-1,"FALSE","#1A237E",0.8,1,,,,,,,,,
1,400,2003,"1",-1,"FALSE","#1A237E",0.8,1,,,,,,,,,
1,405.555555555556,2004,"1",-1,"FALSE","#1A237E",0.8,1,,,,,,,,,
1,411.111111111111,2004,"1",-1,"FALSE","#1A237E",0.8,1,,,,,,,,,
1,416.666666666667,2004,"1",-1,"FALSE","#1A237E",0.8,1,,,,,,,,,
1,422.222222222222,2004,"1",-1,"FALSE","#1A237E",0.8,1,,,,,,,,,
1,427.777777777778,2004,"1",-1,"FALSE","#1A237E",0.8,1,,,,,,,,,
1,433.333333333333,2005,"1",-1,"FALSE","#1A237E",0.8,1,,,,,,,,,
1,438.888888888889,2006,"1",-1,"FALSE","#1A237E",0.8,1,,,,,,,,,
1,438.888888888889,2007,"1",-1,"FALSE","#1A237E",0.8,1,,,,,,,,,
1,444.444444444444,2008,"1",-1,"FALSE","#1A237E",0.8,1,,,,,,,,,
1,450,2008,"1",-1,"FALSE","#1A237E",0.8,1,,,,,,,,,
1,455.555555555556,2008,"1",-1,"FALSE","#1A237E",0.8,1,,,,,,,,,
1,461.111111111111,2008,"1",-1,"FALSE","#1A237E",0.8,1,,,,,,,,,
1,466.666666666667,2008,"1",-1,"FALSE","#1A237E",0.8,1,,,,,,,,,
1,472.222222222222,2008,"1",-1,"FALSE","#1A237E",0.8,1,,,,,,,,,
1,477.777777777778,2008,"1",-1,"FALSE","#1A237E",0.8,1,,,,,,,,,
1,483.333333333333,2008,"1",-1,"FALSE","#1A237E",0.8,1,,,,,,,,,
1,488.888888888889,2008,"1",-1,"FALSE","#1A237E",0.8,1,,,,,,,,,
1,494.444444444444,2009,"1",-1,"FALSE","#1A237E",0.8,1,,,,,,,,,
1,500,2009,"1",-1,"FALSE","#1A237E",0.8,1,,,,,,,,,
1,505.555555555556,2011,"1",-1,"FALSE","#1A237E",0.8,1,,,,,,,,,
1,511.111111111111,2012,"1",-1,"FALSE","#1A237E",0.8,1,,,,,,,,,
1,516.666666666667,2013,"1",-1,"FALSE","#1A237E",0.8,1,,,,,,,,,
1,522.222222222222,2013,"1",-1,"FALSE","#1A237E",0.8,1,,,,,,,,,
1,522.222222222222,2013,"1",-1,"FALSE","#1A237E",0.8,1,,,,,,,,,
1,527.777777777778,2014,"1",-1,"FALSE","#1A237E",0.8,1,,,,,,,,,
1,533.333333333333,2015,"1",-1,"FALSE","#1A237E",0.8,1,,,,,,,,,
1,538.888888888889,2018,"1",-1,"FALSE","#1A237E",0.8,1,,,,,,,,,
1,544.444444444444,2019,"1",-1,"FALSE","#1A237E",0.8,1,,,,,,,,,
1,5.55555555555556,,"1",-1,"FALSE","#1A237E",0.8,1,,,,,,,,,
1,11.1111111111111,,"1",-1,"FALSE","#1A237E",0.8,1,,,,,,,,,
1,16.6666666666667,,"1",-1,"FALSE","#1A237E",0.8,1,,,,,,,,,
1,22.2222222222222,,"1",-1,"FALSE","#1A237E",0.8,1,,,,,,,,,
1,27.7777777777778,,"1",-1,"FALSE","#1A237E",0.8,1,,,,,,,,,
1,33.3333333333333,,"1",-1,"FALSE","#1A237E",0.8,1,,,,,,,,,
1,38.8888888888889,,"1",-1,"FALSE","#1A237E",0.8,1,,,,,,,,,
1,44.4444444444444,,"1",-1,"FALSE","#1A237E",0.8,1,,,,,,,,,
1,50,,"1",-1,"FALSE","#1A237E",0.8,1,,,,,,,,,
1,55.5555555555556,,"1",-1,"FALSE","#1A237E",0.8,1,,,,,,,,,
1,61.1111111111111,,"1",-1,"FALSE","#1A237E",0.8,1,,,,,,,,,
1,66.6666666666667,,"1",-1,"FALSE","#1A237E",0.8,1,,,,,,,,,
1,72.2222222222222,,"1",-1,"FALSE","#1A237E",0.8,1,,,,,,,,,
1,77.7777777777778,,"1",-1,"FALSE","#1A237E",0.8,1,,,,,,,,,
1,83.3333333333333,,"1",-1,"FALSE","#1A237E",0.8,1,,,,,,,,,
1,88.8888888888889,,"1",-1,"FALSE","#1A237E",0.8,1,,,,,,,,,
1,94.4444444444444,,"1",-1,"FALSE","#1A237E",0.8,1,,,,,,,,,
2,100,1925,"1",-1,"FALSE","#8B0000",0.8,1,,,,,,,,,
2,100,1929,"1",-1,"FALSE","#8B0000",0.8,1,,,,,,,,,
2,100.204674010122,1936,"1",-1,"FALSE","#8B0000",0.8,1,,,,,,,,,
2,104.856356058351,1946,"1",-1,"FALSE","#8B0000",0.8,1,,,,,,,,,
2,107.27523072343,1952,"1",-1,"FALSE","#8B0000",0.8,1,,,,,,,,,
2,107.321747543912,1957,"1",-1,"FALSE","#8B0000",0.8,1,,,,,,,,,
2,114.20623697529,1959,"1",-1,"FALSE","#8B0000",0.8,1,,,,,,,,,
2,118.857919023519,1960,"1",-1,"FALSE","#8B0000",0.8,1,,,,,,,,,
2,121.183760047633,1960,"1",-1,"FALSE","#8B0000",0.8,1,,,,,,,,,
2,182.95809764811,1961,"1",-1,"FALSE","#8B0000",0.8,1,,,,,,,,,
2,184.818770467401,1964,"1",-1,"FALSE","#8B0000",0.8,1,,,,,,,,,
2,184.818770467401,1966,"1",-1,"FALSE","#8B0000",0.8,1,,,,,,,,,
2,184.818770467401,1967,"1",-1,"FALSE","#8B0000",0.8,1,,,,,,,,,
2,203.425498660316,1969,"1",-1,"FALSE","#8B0000",0.8,1,,,,,,,,,
2,205.844373325394,1970,"1",-1,"FALSE","#8B0000",0.8,1,,,,,,,,,
2,208.635382554332,1972,"1",-1,"FALSE","#8B0000",0.8,1,,,,,,,,,
2,208.94549469088,1972,"1",-1,"FALSE","#8B0000",0.8,1,,,,,,,,,
2,234.994914160961,1973,"1",-1,"FALSE","#8B0000",0.8,1,,,,,,,,,
2,239.646596209189,1974,"1",-1,"FALSE","#8B0000",0.8,1,,,,,,,,,
2,241.507269028481,1975,"1",-1,"FALSE","#8B0000",0.8,1,,,,,,,,,
2,241.69333631041,1976,"1",-1,"FALSE","#8B0000",0.8,1,,,,,,,,,
2,241.69333631041,1976,"1",-1,"FALSE","#8B0000",0.8,1,,,,,,,,,
2,243.554009129701,1978,"1",-1,"FALSE","#8B0000",0.8,1,,,,,,,,,
2,245.414681948993,1978,"1",-1,"FALSE","#8B0000",0.8,1,,,,,,,,,
2,247.275354768284,1978,"1",-1,"FALSE","#8B0000",0.8,1,,,,,,,,,
2,249.136027587576,1978,"1",-1,"FALSE","#8B0000",0.8,1,,,,,,,,,
2,250.996700406867,1978,"1",-1,"FALSE","#8B0000",0.8,1,,,,,,,,,
2,256.020517018954,1979,"1",-1,"FALSE","#8B0000",0.8,1,,,,,,,,,
2,259.493772948298,1980,"1",-1,"FALSE","#8B0000",0.8,1,,,,,,,,,
2,260.498536270716,1981,"1",-1,"FALSE","#8B0000",0.8,1,,,,,,,,,
2,263.97179220006,1982,"1",-1,"FALSE","#8B0000",0.8,1,,,,,,,,,
2,267.445048129404,1982,"1",-1,"FALSE","#8B0000",0.8,1,,,,,,,,,
2,270.918304058748,1982,"1",-1,"FALSE","#8B0000",0.8,1,,,,,,,,,
2,271.104371340677,1984,"1",-1,"FALSE","#8B0000",0.8,1,,,,,,,,,
2,274.82571697926,1984,"1",-1,"FALSE","#8B0000",0.8,1,,,,,,,,,
2,287.106157586583,1985,"1",-1,"FALSE","#8B0000",0.8,1,,,,,,,,,
2,299.386598193907,1985,"1",-1,"FALSE","#8B0000",0.8,1,,,,,,,,,
2,311.667038801231,1985,"1",-1,"FALSE","#8B0000",0.8,1,,,,,,,,,
2,316.318720849459,1987,"1",-1,"FALSE","#8B0000",0.8,1,,,,,,,,,
2,325.622084945916,1987,"1",-1,"FALSE","#8B0000",0.8,1,,,,,,,,,
2,330.273766994145,1989,"1",-1,"FALSE","#8B0000",0.8,1,,,,,,,,,
2,332.134439813437,1989,"1",-1,"FALSE","#8B0000",0.8,1,,,,,,,,,
2,334.739381760445,1990,"1",-1,"FALSE","#8B0000",0.8,1,,,,,,,,,
2,336.600054579736,1990,"1",-1,"FALSE","#8B0000",0.8,1,,,,,,,,,
2,338.460727399028,1991,"1",-1,"FALSE","#8B0000",0.8,1,,,,,,,,,
2,350.741168006351,1992,"1",-1,"FALSE","#8B0000",0.8,1,,,,,,,,,
2,350.834201647316,1993,"1",-1,"FALSE","#8B0000",0.8,1,,,,,,,,,
2,351.345886672621,1993,"1",-1,"FALSE","#8B0000",0.8,1,,,,,,,,,
2,354.136895901558,1994,"1",-1,"FALSE","#8B0000",0.8,1,,,,,,,,,
2,356.741837848566,1996,"1",-1,"FALSE","#8B0000",0.8,1,,,,,,,,,
2,366.045201945023,2000,"1",-1,"FALSE","#8B0000",0.8,1,,,,,,,,,
2,367.781829909695,2000,"1",-1,"FALSE","#8B0000",0.8,1,,,,,,,,,
2,372.433511957924,2001,"1",-1,"FALSE","#8B0000",0.8,1,,,,,,,,,
2,381.736876054381,2001,"1",-1,"FALSE","#8B0000",0.8,1,,,,,,,,,
2,394.203383943634,2003,"1",-1,"FALSE","#8B0000",0.8,1,,,,,,,,,
2,416.531457775131,2004,"1",-1,"FALSE","#8B0000",0.8,1,,,,,,,,,
2,438.859531606629,2004,"1",-1,"FALSE","#8B0000",0.8,1,,,,,,,,,
2,449.093232112732,2004,"1",-1,"FALSE","#8B0000",0.8,1,,,,,,,,,
2,471.421305944229,2004,"1",-1,"FALSE","#8B0000",0.8,1,,,,,,,,,
2,480.724670040687,2004,"1",-1,"FALSE","#8B0000",0.8,1,,,,,,,,,
2,480.910737322616,2005,"1",-1,"FALSE","#8B0000",0.8,1,,,,,,,,,
2,482.771410141907,2006,"1",-1,"FALSE","#8B0000",0.8,1,,,,,,,,,
2,487.423092190136,2007,"1",-1,"FALSE","#8B0000",0.8,1,,,,,,,,,
2,499.424431874566,2008,"1",-1,"FALSE","#8B0000",0.8,1,,,,,,,,,
2,508.727795971023,2008,"1",-1,"FALSE","#8B0000",0.8,1,,,,,,,,,
2,518.03116006748,2008,"1",-1,"FALSE","#8B0000",0.8,1,,,,,,,,,
2,527.334524163938,2008,"1",-1,"FALSE","#8B0000",0.8,1,,,,,,,,,
2,535.056316363997,2008,"1",-1,"FALSE","#8B0000",0.8,1,,,,,,,,,
2,542.778108564057,2008,"1",-1,"FALSE","#8B0000",0.8,1,,,,,,,,,
2,550.499900764116,2008,"1",-1,"FALSE","#8B0000",0.8,1,,,,,,,,,
2,550.524089510767,2008,"1",-1,"FALSE","#8B0000",0.8,1,,,,,,,,,
2,558.245881710827,2008,"1",-1,"FALSE","#8B0000",0.8,1,,,,,,,,,
2,559.622779597102,2009,"1",-1,"FALSE","#8B0000",0.8,1,,,,,,,,,
2,567.344571797162,2009,"1",-1,"FALSE","#8B0000",0.8,1,,,,,,,,,
2,593.393991267242,2011,"1",-1,"FALSE","#8B0000",0.8,1,,,,,,,,,
2,760.854545003473,2012,"1",-1,"FALSE","#8B0000",0.8,1,,,,,,,,,
2,928.315098739704,2013,"1",-1,"FALSE","#8B0000",0.8,1,,,,,,,,,
2,939.944303860276,2013,"1",-1,"FALSE","#8B0000",0.8,1,,,,,,,,,
2,953.899350004962,2013,"1",-1,"FALSE","#8B0000",0.8,1,,,,,,,,,
2,967.854396149648,2014,"1",-1,"FALSE","#8B0000",0.8,1,,,,,,,,,
2,1135.31494988588,2015,"1",-1,"FALSE","#8B0000",0.8,1,,,,,,,,,
2,1166.94638781383,2018,"1",-1,"FALSE","#8B0000",0.8,1,,,,,,,,,
2,1167.13245509576,2019,"1",-1,"FALSE","#8B0000",0.8,1,,,,,,,,,
2,0.61402203036618,,"1",-1,"FALSE","#8B0000",0.8,1,,,,,,,,,
2,0.61402203036618,,"1",-1,"FALSE","#8B0000",0.8,1,,,,,,,,,
2,0.800089312295326,,"1",-1,"FALSE","#8B0000",0.8,1,,,,,,,,,
2,0.986156594224472,,"1",-1,"FALSE","#8B0000",0.8,1,,,,,,,,,
2,1.17222387615362,,"1",-1,"FALSE","#8B0000",0.8,1,,,,,,,,,
2,5.82390592438226,,"1",-1,"FALSE","#8B0000",0.8,1,,,,,,,,,
2,6.0099732063114,,"1",-1,"FALSE","#8B0000",0.8,1,,,,,,,,,
2,6.19604048824055,,"1",-1,"FALSE","#8B0000",0.8,1,,,,,,,,,
2,6.19604048824055,,"1",-1,"FALSE","#8B0000",0.8,1,,,,,,,,,
2,6.19604048824055,,"1",-1,"FALSE","#8B0000",0.8,1,,,,,,,,,
2,6.26860672819291,,"1",-1,"FALSE","#8B0000",0.8,1,,,,,,,,,
2,6.96635903542721,,"1",-1,"FALSE","#8B0000",0.8,1,,,,,,,,,
2,6.96635903542721,,"1",-1,"FALSE","#8B0000",0.8,1,,,,,,,,,
2,25.5730872283418,,"1",-1,"FALSE","#8B0000",0.8,1,,,,,,,,,
2,44.1798154212563,,"1",-1,"FALSE","#8B0000",0.8,1,,,,,,,,,
2,62.7865436141709,,"1",-1,"FALSE","#8B0000",0.8,1,,,,,,,,,
2,100,,"1",-1,"FALSE","#8B0000",0.8,1,,,,,,,,,
3,65,1940,"1",-1,,"#1A237E",,,,"",3,0,0,0.5,1,1.2,"Cumulative Number of Prizes"
4,175,1940,"1",-1,,"#8B0000",,,,"",3,10,0,0.5,1,1.2,"Cumulative Prize Money per Year"
