"layer","x","ymin","ymax","fill","PANEL","group","flipped_aes","y","colour","linewidth","linetype","alpha","xend","yend","label","nudge_x","nudge_y","family","size","angle","hjust","vjust","fontface","lineheight","xmin","xmax","yintercept"
1,1.44058221660195,0,5.27952790461477,"#8B4577","1",1,"FALSE",0,,0.5,"1","0.4",,,,,,,,,,,,,,,
1,3.17996336030428,0,5.27952790461477,"#8B4577","1",1,"FALSE",0,,0.5,"1","0.4",,,,,,,,,,,,,,,
1,0,0,15.3876403053592,"#E7298A","1",2,"FALSE",0,,0.5,"1","0.4",,,,,,,,,,,,,,,
1,0.402829803291787,0,15.3876403053592,"#E7298A","1",2,"FALSE",0,,0.5,"1","0.4",,,,,,,,,,,,,,,
1,71.3999816154112,0,0.801867416388104,"#8B4577","1",3,"FALSE",0,,0.5,"1","0.4",,,,,,,,,,,,,,,
1,94.7337508404269,0,0.801867416388104,"#8B4577","1",3,"FALSE",0,,0.5,"1","0.4",,,,,,,,,,,,,,,
1,25.3760885832301,0,1.51642204010692,"#00A5A5","1",4,"FALSE",0,,0.5,"1","0.4",,,,,,,,,,,,,,,
1,71.3999816154112,0,1.51642204010692,"#00A5A5","1",4,"FALSE",0,,0.5,"1","0.4",,,,,,,,,,,,,,,
1,0.402829803291787,0,10.9506854133552,"#1A237E","1",5,"FALSE",0,,0.5,"1","0.4",,,,,,,,,,,,,,,
1,1.44058221660195,0,10.9506854133552,"#1A237E","1",5,"FALSE",0,,0.5,"1","0.4",,,,,,,,,,,,,,,
1,3.17996336030428,0,2.51262444221233,"#E7298A","1",6,"FALSE",0,,0.5,"1","0.4",,,,,,,,,,,,,,,
1,5.09872739984658,0,2.51262444221233,"#E7298A","1",6,"FALSE",0,,0.5,"1","0.4",,,,,,,,,,,,,,,
1,5.09872739984658,0,2.30400189845228,"#1A237E","1",7,"FALSE",0,,0.5,"1","0.4",,,,,,,,,,,,,,,
1,25.3760885832301,0,2.30400189845228,"#1A237E","1",7,"FALSE",0,,0.5,"1","0.4",,,,,,,,,,,,,,,
1,94.7337508404269,0,0.0435941739874,"#E7298A","1",8,"FALSE",0,,0.5,"1","0.4",,,,,,,,,,,,,,,
1,100,0,0.0435941739874,"#E7298A","1",8,"FALSE",0,,0.5,"1","0.4",,,,,,,,,,,,,,,
2,1.44058221660195,,,,"1",1,"FALSE",5.27952790461477,"#8B4577",1,"1",,,,,,,,,,,,,,,,
2,3.17996336030428,,,,"1",1,"FALSE",5.27952790461477,"#8B4577",1,"1",,,,,,,,,,,,,,,,
2,0,,,,"1",2,"FALSE",15.3876403053592,"#E7298A",1,"1",,,,,,,,,,,,,,,,
2,0.402829803291787,,,,"1",2,"FALSE",15.3876403053592,"#E7298A",1,"1",,,,,,,,,,,,,,,,
2,71.3999816154112,,,,"1",3,"FALSE",0.801867416388104,"#8B4577",1,"1",,,,,,,,,,,,,,,,
2,94.7337508404269,,,,"1",3,"FALSE",0.801867416388104,"#8B4577",1,"1",,,,,,,,,,,,,,,,
2,25.3760885832301,,,,"1",4,"FALSE",1.51642204010692,"#00A5A5",1,"1",,,,,,,,,,,,,,,,
2,71.3999816154112,,,,"1",4,"FALSE",1.51642204010692,"#00A5A5",1,"1",,,,,,,,,,,,,,,,
2,0.402829803291787,,,,"1",5,"FALSE",10.9506854133552,"#1A237E",1,"1",,,,,,,,,,,,,,,,
2,1.44058221660195,,,,"1",5,"FALSE",10.9506854133552,"#1A237E",1,"1",,,,,,,,,,,,,,,,
2,3.17996336030428,,,,"1",6,"FALSE",2.51262444221233,"#E7298A",1,"1",,,,,,,,,,,,,,,,
2,5.09872739984658,,,,"1",6,"FALSE",2.51262444221233,"#E7298A",1,"1",,,,,,,,,,,,,,,,
2,5.09872739984658,,,,"1",7,"FALSE",2.30400189845228,"#1A237E",1,"1",,,,,,,,,,,,,,,,
2,25.3760885832301,,,,"1",7,"FALSE",2.30400189845228,"#1A237E",1,"1",,,,,,,,,,,,,,,,
2,94.7337508404269,,,,"1",8,"FALSE",0.0435941739874,"#E7298A",1,"1",,,,,,,,,,,,,,,,
2,100,,,,"1",8,"FALSE",0.0435941739874,"#E7298A",1,"1",,,,,,,,,,,,,,,,
3,0.402829803291787,,,,"1",-1,,0,"gray80",0.3,"dashed",,0.402829803291787,15.3876403053592,,,,,,,,,,,,,
3,1.44058221660195,,,,"1",-1,,0,"gray80",0.3,"dashed",,1.44058221660195,10.9506854133552,,,,,,,,,,,,,
3,3.17996336030428,,,,"1",-1,,0,"gray80",0.3,"dashed",,3.17996336030428,5.27952790461477,,,,,,,,,,,,,
3,5.09872739984658,,,,"1",-1,,0,"gray80",0.3,"dashed",,5.09872739984658,2.51262444221233,,,,,,,,,,,,,
3,25.3760885832301,,,,"1",-1,,0,"gray80",0.3,"dashed",,25.3760885832301,2.30400189845228,,,,,,,,,,,,,
3,71.3999816154112,,,,"1",-1,,0,"gray80",0.3,"dashed",,71.3999816154112,1.51642204010692,,,,,,,,,,,,,
3,94.7337508404269,,,,"1",-1,,0,"gray80",0.3,"dashed",,94.7337508404269,0.801867416388104,,,,,,,,,,,,,
3,100,,,,"1",-1,,0,"gray80",0.3,"dashed",,100,0.0435941739874,,,,,,,,,,,,,
4,1.00282980329179,,,,"1",-1,,15.8012600767672,"black",,,,,,"Business & Econ",0,0,"",3.5,0,0,0,"1",1.2,,,
4,2.04058221660195,,,,"1",-1,,11.3643051847632,"black",,,,,,"Math",0,0,"",3.5,0,0,0,"1",1.2,,,
4,3.77996336030428,,,,"1",-1,,5.69314767602282,"black",,,,,,"Ag. & natural resources",0,0,"",3.5,0,0,0,"1",1.2,,,
4,5.69872739984658,,,,"1",-1,,2.92624421362038,"black",,,,,,"Other Social Sciences",0,0,"",3.5,0,0,0,"1",1.2,,,
5,15.2374079915383,,,,"1",-1,,1.15200094922614,"black",,,,,,"Physical Sciences",0,0,"",3.5,0,0.5,0.5,"1",1.2,,,
5,48.3880350993206,,,,"1",-1,,0.758211020053459,"black",,,,,,"Life & Health Sciences",0,0,"",3.5,0,0.5,0.5,"1",1.2,,,
6,83.066866227919,,,,"1",-1,,1.21548718779616,"black",,,,,,"CS & Engineering",0,0,"",3.5,0,0.5,0,"1",1.2,,,
6,97.3668754202134,,,,"1",-1,,0.457213945395455,"black",,,,,,"Psychology",0,0,"",3.5,0,0.5,0,"1",1.2,,,
7,0,,,,"1",-1,,-0.2,"black",0.1,"1",,0,-0.3,,,,,,,,,,,,,
7,0.402829803291787,,,,"1",-1,,-0.2,"black",0.1,"1",,0.402829803291787,-0.3,,,,,,,,,,,,,
7,1.44058221660195,,,,"1",-1,,-0.2,"black",0.1,"1",,1.44058221660195,-0.3,,,,,,,,,,,,,
7,3.17996336030428,,,,"1",-1,,-0.2,"black",0.1,"1",,3.17996336030428,-0.3,,,,,,,,,,,,,
7,5.09872739984658,,,,"1",-1,,-0.2,"black",0.1,"1",,5.09872739984658,-0.3,,,,,,,,,,,,,
7,25.3760885832301,,,,"1",-1,,-0.2,"black",0.1,"1",,25.3760885832301,-0.3,,,,,,,,,,,,,
7,71.3999816154112,,,,"1",-1,,-0.2,"black",0.1,"1",,71.3999816154112,-0.3,,,,,,,,,,,,,
7,94.7337508404269,,,,"1",-1,,-0.2,"black",0.1,"1",,94.7337508404269,-0.3,,,,,,,,,,,,,
8,0.402829803291787,,,,"1",-1,,-0.2,"black",0.1,"1",,0.402829803291787,-0.3,,,,,,,,,,,,,
8,1.44058221660195,,,,"1",-1,,-0.2,"black",0.1,"1",,1.44058221660195,-0.3,,,,,,,,,,,,,
8,3.17996336030428,,,,"1",-1,,-0.2,"black",0.1,"1",,3.17996336030428,-0.3,,,,,,,,,,,,,
8,5.09872739984658,,,,"1",-1,,-0.2,"black",0.1,"1",,5.09872739984658,-0.3,,,,,,,,,,,,,
8,25.3760885832301,,,,"1",-1,,-0.2,"black",0.1,"1",,25.3760885832301,-0.3,,,,,,,,,,,,,
8,71.3999816154112,,,,"1",-1,,-0.2,"black",0.1,"1",,71.3999816154112,-0.3,,,,,,,,,,,,,
8,94.7337508404269,,,,"1",-1,,-0.2,"black",0.1,"1",,94.7337508404269,-0.3,,,,,,,,,,,,,
8,100,,,,"1",-1,,-0.2,"black",0.1,"1",,100,-0.3,,,,,,,,,,,,,
9,0,,,,"1",-1,,-0.3,"black",0.3,"1",,0.402829803291787,-0.3,,,,,,,,,,,,,
9,0.402829803291787,,,,"1",-1,,-0.3,"black",0.3,"1",,1.44058221660195,-0.3,,,,,,,,,,,,,
9,1.44058221660195,,,,"1",-1,,-0.3,"black",0.3,"1",,3.17996336030428,-0.3,,,,,,,,,,,,,
9,3.17996336030428,,,,"1",-1,,-0.3,"black",0.3,"1",,5.09872739984658,-0.3,,,,,,,,,,,,,
9,5.09872739984658,,,,"1",-1,,-0.3,"black",0.3,"1",,25.3760885832301,-0.3,,,,,,,,,,,,,
9,25.3760885832301,,,,"1",-1,,-0.3,"black",0.3,"1",,71.3999816154112,-0.3,,,,,,,,,,,,,
9,71.3999816154112,,,,"1",-1,,-0.3,"black",0.3,"1",,94.7337508404269,-0.3,,,,,,,,,,,,,
9,94.7337508404269,,,,"1",-1,,-0.3,"black",0.3,"1",,100,-0.3,,,,,,,,,,,,,
10,15.2374079915383,,,,"1",-1,,-1.95,"black",,,,,,"20%",0,0,"",3.3,90,0.5,0.5,"1",1.2,,,
10,48.3880350993206,,,,"1",-1,,-1.95,"black",,,,,,"46%",0,0,"",3.3,90,0.5,0.5,"1",1.2,,,
10,83.066866227919,,,,"1",-1,,-1.95,"black",,,,,,"23%",0,0,"",3.3,90,0.5,0.5,"1",1.2,,,
10,97.3668754202134,,,,"1",-1,,-1.95,"black",,,,,,"5%",0,0,"",3.3,90,0.5,0.5,"1",1.2,,,
11,,14.6490335707019,15.510741427802,"#1A237E","1",-1,,,,0.5,"1","0.4",,,,,,,,,,,,,80,85,
12,,13.7873257136018,14.6490335707019,"#8B4577","1",-1,,,,0.5,"1","0.4",,,,,,,,,,,,,80,85,
13,,12.9256178565017,13.7873257136018,"#00A5A5","1",-1,,,,0.5,"1","0.4",,,,,,,,,,,,,80,85,
14,,12.0639099994016,12.9256178565017,"#E7298A","1",-1,,,,0.5,"1","0.4",,,,,,,,,,,,,80,85,
15,85,,,,"1",-1,,14.6490335707019,"#1A237E",1,"1",,,15.510741427802,,,,,,,,,,,,,
16,85,,,,"1",-1,,13.7873257136018,"#8B4577",1,"1",,,14.6490335707019,,,,,,,,,,,,,
17,85,,,,"1",-1,,12.9256178565017,"#00A5A5",1,"1",,,13.7873257136018,,,,,,,,,,,,,
18,85,,,,"1",-1,,12.0639099994016,"#E7298A",1,"1",,,12.9256178565017,,,,,,,,,,,,,
19,86,,,,"1",-1,,15.079887499252,"black",,,,,,"Math & Phys. sci",,,"",3,0,0,0.5,"1",1.2,,,
20,86,,,,"1",-1,,14.2181796421519,"black",,,,,,"Applied sci",,,"",3,0,0,0.5,"1",1.2,,,
21,86,,,,"1",-1,,13.3564717850518,"black",,,,,,"Life & Health",,,"",3,0,0,0.5,"1",1.2,,,
22,86,,,,"1",-1,,12.4947639279516,"black",,,,,,"Social sci",,,"",3,0,0,0.5,"1",1.2,,,
23,86,,,,"1",-1,,15.7692537849321,"black",,,,,,"Broad fields",,,"",3.3,0,0,0.5,"bold",1.2,,,
24,,,,,"1",-1,,,"gray50",0.3,"dashed",,,,,,,,,,,,,,,,1.67017836494795
25,Inf,,,,"1",-1,,1.67017836494795,"gray50",,,,,,"Avg.",,,"",3,0,1.1,-0.5,"1",1.2,,,
