"layer","xmin","xmax","ymin","ymax","fill","PANEL","group","colour","linewidth","linetype","alpha","x","y","xend","yend","label","nudge_x","nudge_y","family","size","angle","hjust","vjust","fontface","lineheight","yintercept"
1,0,5.09784160577811,0,11.5733113673806,"#00A5A5","1",2,,0.5,"1","0.4",,,,,,,,,,,,,,,
1,5.09784160577811,7.37801293356849,0,10.9576427255985,"#00A5A5","1",2,,0.5,"1","0.4",,,,,,,,,,,,,,,
1,7.37801293356849,12.5409423028471,0,9.96339975599837,"#1A237E","1",3,,0.5,"1","0.4",,,,,,,,,,,,,,,
1,12.5409423028471,13.8825900730663,0,5.4773082942097,"#8B4577","1",1,,0.5,"1","0.4",,,,,,,,,,,,,,,
1,13.8825900730663,16.1753590325019,0,4.94505494505495,"#00A5A5","1",2,,0.5,"1","0.4",,,,,,,,,,,,,,,
1,16.1753590325019,20.7252036617116,0,4.56852791878173,"#1A237E","1",3,,0.5,"1","0.4",,,,,,,,,,,,,,,
1,20.7252036617116,21.968169984043,0,4.22297297297297,"#8B4577","1",1,,0.5,"1","0.4",,,,,,,,,,,,,,,
1,21.968169984043,24.6766607877719,0,4.18604651162791,"#E7298A","1",4,,0.5,"1","0.4",,,,,,,,,,,,,,,
1,24.6766607877719,27.0240194843369,0,2.77280858676208,"#00A5A5","1",2,,0.5,"1","0.4",,,,,,,,,,,,,,,
1,27.0240194843369,32.665658856135,0,2.71678451804987,"#8B4577","1",1,,0.5,"1","0.4",,,,,,,,,,,,,,,
1,32.665658856135,43.2686654908877,0,2.11881188118812,"#00A5A5","1",2,,0.5,"1","0.4",,,,,,,,,,,,,,,
1,43.2686654908877,54.6170319979844,0,1.88714153561517,"#1A237E","1",3,,0.5,"1","0.4",,,,,,,,,,,,,,,
1,54.6170319979844,59.0807928109515,0,1.78739416745061,"#E7298A","1",4,,0.5,"1","0.4",,,,,,,,,,,,,,,
1,59.0807928109515,62.1819098009574,0,1.7603249830738,"#8B4577","1",1,,0.5,"1","0.4",,,,,,,,,,,,,,,
1,62.1819098009574,67.7521625934324,0,1.54542027892951,"#8B4577","1",1,,0.5,"1","0.4",,,,,,,,,,,,,,,
1,67.7521625934324,70.3472747123541,0,1.45631067961165,"#00A5A5","1",2,,0.5,"1","0.4",,,,,,,,,,,,,,,
1,70.3472747123541,71.1640211640212,0,1.2853470437018,"#E7298A","1",4,,0.5,"1","0.4",,,,,,,,,,,,,,,
1,71.1640211640212,73.8977072310406,0,1.15207373271889,"#8B4577","1",1,,0.5,"1","0.4",,,,,,,,,,,,,,,
1,73.8977072310406,78.5987234399933,0,0.937918713711478,"#8B4577","1",1,,0.5,"1","0.4",,,,,,,,,,,,,,,
1,78.5987234399933,81.4709834551104,0,0.87719298245614,"#8B4577","1",1,,0.5,"1","0.4",,,,,,,,,,,,,,,
1,81.4709834551104,84.488116234148,0,0.069589422407794,"#8B4577","1",1,,0.5,"1","0.4",,,,,,,,,,,,,,,
1,84.488116234148,88.5382548080961,0,0.0518403317781234,"#E7298A","1",4,,0.5,"1","0.4",,,,,,,,,,,,,,,
1,88.5382548080961,96.7246157722348,0,0.0512952038984355,"#E7298A","1",4,,0.5,"1","0.4",,,,,,,,,,,,,,,
1,96.7246157722348,100,0,0,"#E7298A","1",4,,0.5,"1","0.4",,,,,,,,,,,,,,,
2,,,,,,"1",2,"#00A5A5",0.8,"1",,0,11.5733113673806,5.09784160577811,11.5733113673806,,,,,,,,,,,
2,,,,,,"1",2,"#00A5A5",0.8,"1",,5.09784160577811,10.9576427255985,7.37801293356849,10.9576427255985,,,,,,,,,,,
2,,,,,,"1",3,"#1A237E",0.8,"1",,7.37801293356849,9.96339975599837,12.5409423028471,9.96339975599837,,,,,,,,,,,
2,,,,,,"1",1,"#8B4577",0.8,"1",,12.5409423028471,5.4773082942097,13.8825900730663,5.4773082942097,,,,,,,,,,,
2,,,,,,"1",2,"#00A5A5",0.8,"1",,13.8825900730663,4.94505494505495,16.1753590325019,4.94505494505495,,,,,,,,,,,
2,,,,,,"1",3,"#1A237E",0.8,"1",,16.1753590325019,4.56852791878173,20.7252036617116,4.56852791878173,,,,,,,,,,,
2,,,,,,"1",1,"#8B4577",0.8,"1",,20.7252036617116,4.22297297297297,21.968169984043,4.22297297297297,,,,,,,,,,,
2,,,,,,"1",4,"#E7298A",0.8,"1",,21.968169984043,4.18604651162791,24.6766607877719,4.18604651162791,,,,,,,,,,,
2,,,,,,"1",2,"#00A5A5",0.8,"1",,24.6766607877719,2.77280858676208,27.0240194843369,2.77280858676208,,,,,,,,,,,
2,,,,,,"1",1,"#8B4577",0.8,"1",,27.0240194843369,2.71678451804987,32.665658856135,2.71678451804987,,,,,,,,,,,
2,,,,,,"1",2,"#00A5A5",0.8,"1",,32.665658856135,2.11881188118812,43.2686654908877,2.11881188118812,,,,,,,,,,,
2,,,,,,"1",3,"#1A237E",0.8,"1",,43.2686654908877,1.88714153561517,54.6170319979844,1.88714153561517,,,,,,,,,,,
2,,,,,,"1",4,"#E7298A",0.8,"1",,54.6170319979844,1.78739416745061,59.0807928109515,1.78739416745061,,,,,,,,,,,
2,,,,,,"1",1,"#8B4577",0.8,"1",,59.0807928109515,1.7603249830738,62.1819098009574,1.7603249830738,,,,,,,,,,,
2,,,,,,"1",1,"#8B4577",0.8,"1",,62.1819098009574,1.54542027892951,67.7521625934324,1.54542027892951,,,,,,,,,,,
2,,,,,,"1",2,"#00A5A5",0.8,"1",,67.7521625934324,1.45631067961165,70.3472747123541,1.45631067961165,,,,,,,,,,,
2,,,,,,"1",4,"#E7298A",0.8,"1",,70.3472747123541,1.2853470437018,71.1640211640212,1.2853470437018,,,,,,,,,,,
2,,,,,,"1",1,"#8B4577",0.8,"1",,71.1640211640212,1.15207373271889,73.8977072310406,1.15207373271889,,,,,,,,,,,
2,,,,,,"1",1,"#8B4577",0.8,"1",,73.8977072310406,0.937918713711478,78.5987234399933,0.937918713711478,,,,,,,,,,,
2,,,,,,"1",1,"#8B4577",0.8,"1",,78.5987234399933,0.87719298245614,81.4709834551104,0.87719298245614,,,,,,,,,,,
2,,,,,,"1",1,"#8B4577",0.8,"1",,81.4709834551104,0.069589422407794,84.488116234148,0.069589422407794,,,,,,,,,,,
2,,,,,,"1",4,"#E7298A",0.8,"1",,84.488116234148,0.0518403317781234,88.5382548080961,0.0518403317781234,,,,,,,,,,,
2,,,,,,"1",4,"#E7298A",0.8,"1",,88.5382548080961,0.0512952038984355,96.7246157722348,0.0512952038984355,,,,,,,,,,,
2,,,,,,"1",4,"#E7298A",0.8,"1",,96.7246157722348,0,100,0,,,,,,,,,,,
3,,,,,,"1",2,"#00A5A5",0.4,"1",,0,0,0,11.5733113673806,,,,,,,,,,,
3,,,,,,"1",2,"#00A5A5",0.4,"1",,5.09784160577811,0,5.09784160577811,10.9576427255985,,,,,,,,,,,
3,,,,,,"1",3,"#1A237E",0.4,"1",,7.37801293356849,0,7.37801293356849,9.96339975599837,,,,,,,,,,,
3,,,,,,"1",1,"#8B4577",0.4,"1",,12.5409423028471,0,12.5409423028471,5.4773082942097,,,,,,,,,,,
3,,,,,,"1",2,"#00A5A5",0.4,"1",,13.8825900730663,0,13.8825900730663,4.94505494505495,,,,,,,,,,,
3,,,,,,"1",3,"#1A237E",0.4,"1",,16.1753590325019,0,16.1753590325019,4.56852791878173,,,,,,,,,,,
3,,,,,,"1",1,"#8B4577",0.4,"1",,20.7252036617116,0,20.7252036617116,4.22297297297297,,,,,,,,,,,
3,,,,,,"1",4,"#E7298A",0.4,"1",,21.968169984043,0,21.968169984043,4.18604651162791,,,,,,,,,,,
3,,,,,,"1",2,"#00A5A5",0.4,"1",,24.6766607877719,0,24.6766607877719,2.77280858676208,,,,,,,,,,,
3,,,,,,"1",1,"#8B4577",0.4,"1",,27.0240194843369,0,27.0240194843369,2.71678451804987,,,,,,,,,,,
3,,,,,,"1",2,"#00A5A5",0.4,"1",,32.665658856135,0,32.665658856135,2.11881188118812,,,,,,,,,,,
3,,,,,,"1",3,"#1A237E",0.4,"1",,43.2686654908877,0,43.2686654908877,1.88714153561517,,,,,,,,,,,
3,,,,,,"1",4,"#E7298A",0.4,"1",,54.6170319979844,0,54.6170319979844,1.78739416745061,,,,,,,,,,,
3,,,,,,"1",1,"#8B4577",0.4,"1",,59.0807928109515,0,59.0807928109515,1.7603249830738,,,,,,,,,,,
3,,,,,,"1",1,"#8B4577",0.4,"1",,62.1819098009574,0,62.1819098009574,1.54542027892951,,,,,,,,,,,
3,,,,,,"1",2,"#00A5A5",0.4,"1",,67.7521625934324,0,67.7521625934324,1.45631067961165,,,,,,,,,,,
3,,,,,,"1",4,"#E7298A",0.4,"1",,70.3472747123541,0,70.3472747123541,1.2853470437018,,,,,,,,,,,
3,,,,,,"1",1,"#8B4577",0.4,"1",,71.1640211640212,0,71.1640211640212,1.15207373271889,,,,,,,,,,,
3,,,,,,"1",1,"#8B4577",0.4,"1",,73.8977072310406,0,73.8977072310406,0.937918713711478,,,,,,,,,,,
3,,,,,,"1",1,"#8B4577",0.4,"1",,78.5987234399933,0,78.5987234399933,0.87719298245614,,,,,,,,,,,
3,,,,,,"1",1,"#8B4577",0.4,"1",,81.4709834551104,0,81.4709834551104,0.069589422407794,,,,,,,,,,,
3,,,,,,"1",4,"#E7298A",0.4,"1",,84.488116234148,0,84.488116234148,0.0518403317781234,,,,,,,,,,,
3,,,,,,"1",4,"#E7298A",0.4,"1",,88.5382548080961,0,88.5382548080961,0.0512952038984355,,,,,,,,,,,
3,,,,,,"1",4,"#E7298A",0.4,"1",,96.7246157722348,0,96.7246157722348,0,,,,,,,,,,,
4,,,,,,"1",-1,"gray80",0.3,"dashed",,5.09784160577811,0,5.09784160577811,11.5733113673806,,,,,,,,,,,
4,,,,,,"1",-1,"gray80",0.3,"dashed",,7.37801293356849,0,7.37801293356849,10.9576427255985,,,,,,,,,,,
4,,,,,,"1",-1,"gray80",0.3,"dashed",,12.5409423028471,0,12.5409423028471,9.96339975599837,,,,,,,,,,,
4,,,,,,"1",-1,"gray80",0.3,"dashed",,13.8825900730663,0,13.8825900730663,5.4773082942097,,,,,,,,,,,
4,,,,,,"1",-1,"gray80",0.3,"dashed",,16.1753590325019,0,16.1753590325019,4.94505494505495,,,,,,,,,,,
4,,,,,,"1",-1,"gray80",0.3,"dashed",,20.7252036617116,0,20.7252036617116,4.56852791878173,,,,,,,,,,,
4,,,,,,"1",-1,"gray80",0.3,"dashed",,21.968169984043,0,21.968169984043,4.22297297297297,,,,,,,,,,,
4,,,,,,"1",-1,"gray80",0.3,"dashed",,24.6766607877719,0,24.6766607877719,4.18604651162791,,,,,,,,,,,
4,,,,,,"1",-1,"gray80",0.3,"dashed",,27.0240194843369,0,27.0240194843369,2.77280858676208,,,,,,,,,,,
4,,,,,,"1",-1,"gray80",0.3,"dashed",,32.665658856135,0,32.665658856135,2.71678451804987,,,,,,,,,,,
4,,,,,,"1",-1,"gray80",0.3,"dashed",,43.2686654908877,0,43.2686654908877,2.11881188118812,,,,,,,,,,,
4,,,,,,"1",-1,"gray80",0.3,"dashed",,54.6170319979844,0,54.6170319979844,1.88714153561517,,,,,,,,,,,
4,,,,,,"1",-1,"gray80",0.3,"dashed",,59.0807928109515,0,59.0807928109515,1.78739416745061,,,,,,,,,,,
4,,,,,,"1",-1,"gray80",0.3,"dashed",,62.1819098009574,0,62.1819098009574,1.7603249830738,,,,,,,,,,,
4,,,,,,"1",-1,"gray80",0.3,"dashed",,67.7521625934324,0,67.7521625934324,1.54542027892951,,,,,,,,,,,
4,,,,,,"1",-1,"gray80",0.3,"dashed",,70.3472747123541,0,70.3472747123541,1.45631067961165,,,,,,,,,,,
4,,,,,,"1",-1,"gray80",0.3,"dashed",,71.1640211640212,0,71.1640211640212,1.2853470437018,,,,,,,,,,,
4,,,,,,"1",-1,"gray80",0.3,"dashed",,73.8977072310406,0,73.8977072310406,1.15207373271889,,,,,,,,,,,
4,,,,,,"1",-1,"gray80",0.3,"dashed",,78.5987234399933,0,78.5987234399933,0.937918713711478,,,,,,,,,,,
4,,,,,,"1",-1,"gray80",0.3,"dashed",,81.4709834551104,0,81.4709834551104,0.87719298245614,,,,,,,,,,,
4,,,,,,"1",-1,"gray80",0.3,"dashed",,84.488116234148,0,84.488116234148,0.069589422407794,,,,,,,,,,,
4,,,,,,"1",-1,"gray80",0.3,"dashed",,88.5382548080961,0,88.5382548080961,0.0518403317781234,,,,,,,,,,,
4,,,,,,"1",-1,"gray80",0.3,"dashed",,96.7246157722348,0,96.7246157722348,0.0512952038984355,,,,,,,,,,,
4,,,,,,"1",-1,"gray80",0.3,"dashed",,100,0,100,0,,,,,,,,,,,
5,,,,,,"1",-1,"black",,,,13.2117661879567,5.97727534528054,,,"Climate & Ocean Sci.",0,0,"",2.3,90,0,0.5,"1",1.2,
5,,,,,,"1",-1,"black",,,,15.0289745527841,5.44502199612579,,,"Microbiology & Immunology",0,0,"",2.3,90,0,0.5,"1",1.2,
5,,,,,,"1",-1,"black",,,,18.4502813471067,5.06849496985257,,,"Mathematics",0,0,"",2.3,90,0,0.5,"1",1.2,
5,,,,,,"1",-1,"black",,,,21.3466868228773,4.72294002404381,,,"Geosciences",0,0,"",2.3,90,0,0.5,"1",1.2,
5,,,,,,"1",-1,"black",,,,23.3224153859074,4.68601356269875,,,"Economics",0,0,"",2.3,90,0,0.5,"1",1.2,
5,,,,,,"1",-1,"black",,,,25.8503401360544,3.27277563783292,,,"Ecology & Evolution",0,0,"",2.3,90,0,0.5,"1",1.2,
5,,,,,,"1",-1,"black",,,,29.844839170236,3.21675156912071,,,"Computer Science",0,0,"",2.3,90,0,0.5,"1",1.2,
5,,,,,,"1",-1,"black",,,,37.9671621735114,2.61877893225896,,,"Medicine",0,0,"",2.3,90,0,0.5,"1",1.2,
5,,,,,,"1",-1,"black",,,,48.942848744436,2.38710858668601,,,"Chemistry & Chemical Eng.",0,0,"",2.3,90,0,0.5,"1",1.2,
5,,,,,,"1",-1,"black",,,,56.848912404468,2.28736121852145,,,"Political Science & Sociology",0,0,"",2.3,90,0,0.5,"1",1.2,
5,,,,,,"1",-1,"black",,,,60.6313513059545,2.26029203414464,,,"Agriculture & Food Sci.",0,0,"",2.3,90,0,0.5,"1",1.2,
5,,,,,,"1",-1,"black",,,,64.9670361971949,2.04538733000035,,,"Computer & Electrical Eng.",0,0,"",2.3,90,0,0.5,"1",1.2,
5,,,,,,"1",-1,"black",,,,69.0497186528933,1.95627773068249,,,"Public Health",0,0,"",2.3,90,0,0.5,"1",1.2,
5,,,,,,"1",-1,"black",,,,70.7556479381876,1.78531409477264,,,"Anthropology",0,0,"",2.3,90,0,0.5,"1",1.2,
5,,,,,,"1",-1,"black",,,,72.5308641975309,1.65204078378973,,,"Biomedical Eng.",0,0,"",2.3,90,0,0.5,"1",1.2,
5,,,,,,"1",-1,"black",,,,76.2482153355169,1.43788576478232,,,"Mechanical & Aerospace Eng.",0,0,"",2.3,90,0,0.5,"1",1.2,
5,,,,,,"1",-1,"black",,,,80.0348534475519,1.37716003352698,,,"Civil & Env. Eng.",0,0,"",2.3,90,0,0.5,"1",1.2,
5,,,,,,"1",-1,"black",,,,82.9795498446292,0.569556473478634,,,"Other Engineering",0,0,"",2.3,90,0,0.5,"1",1.2,
5,,,,,,"1",-1,"black",,,,86.513185521122,0.551807382848964,,,"Other Social Sci.",0,0,"",2.3,90,0,0.5,"1",1.2,
5,,,,,,"1",-1,"black",,,,92.6314352901654,0.551262254969276,,,"Psychology",0,0,"",2.3,90,0,0.5,"1",1.2,
5,,,,,,"1",-1,"black",,,,98.3623078861174,0.49996705107084,,,"Business",0,0,"",2.3,90,0,0.5,"1",1.2,
6,,,,,,"1",-1,"black",,,,2.54892080288906,11.0733443163097,,,"Molecular Bio & Genetics",0,0,"",2.3,90,1,0.5,"1",1.2,
6,,,,,,"1",-1,"black",,,,6.2379272696733,10.4576756745277,,,"Neuroscience",0,0,"",2.3,90,1,0.5,"1",1.2,
6,,,,,,"1",-1,"black",,,,9.95947761820778,9.46343270492753,,,"Physics & Astronomy",0,0,"",2.3,90,1,0.5,"1",1.2,
7,,,,,,"1",-1,"black",0.1,"1",,0,-0.15,0,-0.25,,,,,,,,,,,
7,,,,,,"1",-1,"black",0.1,"1",,5.09784160577811,-0.15,5.09784160577811,-0.25,,,,,,,,,,,
7,,,,,,"1",-1,"black",0.1,"1",,7.37801293356849,-0.15,7.37801293356849,-0.25,,,,,,,,,,,
7,,,,,,"1",-1,"black",0.1,"1",,12.5409423028471,-0.15,12.5409423028471,-0.25,,,,,,,,,,,
7,,,,,,"1",-1,"black",0.1,"1",,13.8825900730663,-0.15,13.8825900730663,-0.25,,,,,,,,,,,
7,,,,,,"1",-1,"black",0.1,"1",,16.1753590325019,-0.15,16.1753590325019,-0.25,,,,,,,,,,,
7,,,,,,"1",-1,"black",0.1,"1",,20.7252036617116,-0.15,20.7252036617116,-0.25,,,,,,,,,,,
7,,,,,,"1",-1,"black",0.1,"1",,21.968169984043,-0.15,21.968169984043,-0.25,,,,,,,,,,,
7,,,,,,"1",-1,"black",0.1,"1",,24.6766607877719,-0.15,24.6766607877719,-0.25,,,,,,,,,,,
7,,,,,,"1",-1,"black",0.1,"1",,27.0240194843369,-0.15,27.0240194843369,-0.25,,,,,,,,,,,
7,,,,,,"1",-1,"black",0.1,"1",,32.665658856135,-0.15,32.665658856135,-0.25,,,,,,,,,,,
7,,,,,,"1",-1,"black",0.1,"1",,43.2686654908877,-0.15,43.2686654908877,-0.25,,,,,,,,,,,
7,,,,,,"1",-1,"black",0.1,"1",,54.6170319979844,-0.15,54.6170319979844,-0.25,,,,,,,,,,,
7,,,,,,"1",-1,"black",0.1,"1",,59.0807928109515,-0.15,59.0807928109515,-0.25,,,,,,,,,,,
7,,,,,,"1",-1,"black",0.1,"1",,62.1819098009574,-0.15,62.1819098009574,-0.25,,,,,,,,,,,
7,,,,,,"1",-1,"black",0.1,"1",,67.7521625934324,-0.15,67.7521625934324,-0.25,,,,,,,,,,,
7,,,,,,"1",-1,"black",0.1,"1",,70.3472747123541,-0.15,70.3472747123541,-0.25,,,,,,,,,,,
7,,,,,,"1",-1,"black",0.1,"1",,71.1640211640212,-0.15,71.1640211640212,-0.25,,,,,,,,,,,
7,,,,,,"1",-1,"black",0.1,"1",,73.8977072310406,-0.15,73.8977072310406,-0.25,,,,,,,,,,,
7,,,,,,"1",-1,"black",0.1,"1",,78.5987234399933,-0.15,78.5987234399933,-0.25,,,,,,,,,,,
7,,,,,,"1",-1,"black",0.1,"1",,81.4709834551104,-0.15,81.4709834551104,-0.25,,,,,,,,,,,
7,,,,,,"1",-1,"black",0.1,"1",,84.488116234148,-0.15,84.488116234148,-0.25,,,,,,,,,,,
7,,,,,,"1",-1,"black",0.1,"1",,88.5382548080961,-0.15,88.5382548080961,-0.25,,,,,,,,,,,
7,,,,,,"1",-1,"black",0.1,"1",,96.7246157722348,-0.15,96.7246157722348,-0.25,,,,,,,,,,,
8,,,,,,"1",-1,"black",0.1,"1",,5.09784160577811,-0.15,5.09784160577811,-0.25,,,,,,,,,,,
8,,,,,,"1",-1,"black",0.1,"1",,7.37801293356849,-0.15,7.37801293356849,-0.25,,,,,,,,,,,
8,,,,,,"1",-1,"black",0.1,"1",,12.5409423028471,-0.15,12.5409423028471,-0.25,,,,,,,,,,,
8,,,,,,"1",-1,"black",0.1,"1",,13.8825900730663,-0.15,13.8825900730663,-0.25,,,,,,,,,,,
8,,,,,,"1",-1,"black",0.1,"1",,16.1753590325019,-0.15,16.1753590325019,-0.25,,,,,,,,,,,
8,,,,,,"1",-1,"black",0.1,"1",,20.7252036617116,-0.15,20.7252036617116,-0.25,,,,,,,,,,,
8,,,,,,"1",-1,"black",0.1,"1",,21.968169984043,-0.15,21.968169984043,-0.25,,,,,,,,,,,
8,,,,,,"1",-1,"black",0.1,"1",,24.6766607877719,-0.15,24.6766607877719,-0.25,,,,,,,,,,,
8,,,,,,"1",-1,"black",0.1,"1",,27.0240194843369,-0.15,27.0240194843369,-0.25,,,,,,,,,,,
8,,,,,,"1",-1,"black",0.1,"1",,32.665658856135,-0.15,32.665658856135,-0.25,,,,,,,,,,,
8,,,,,,"1",-1,"black",0.1,"1",,43.2686654908877,-0.15,43.2686654908877,-0.25,,,,,,,,,,,
8,,,,,,"1",-1,"black",0.1,"1",,54.6170319979844,-0.15,54.6170319979844,-0.25,,,,,,,,,,,
8,,,,,,"1",-1,"black",0.1,"1",,59.0807928109515,-0.15,59.0807928109515,-0.25,,,,,,,,,,,
8,,,,,,"1",-1,"black",0.1,"1",,62.1819098009574,-0.15,62.1819098009574,-0.25,,,,,,,,,,,
8,,,,,,"1",-1,"black",0.1,"1",,67.7521625934324,-0.15,67.7521625934324,-0.25,,,,,,,,,,,
8,,,,,,"1",-1,"black",0.1,"1",,70.3472747123541,-0.15,70.3472747123541,-0.25,,,,,,,,,,,
8,,,,,,"1",-1,"black",0.1,"1",,71.1640211640212,-0.15,71.1640211640212,-0.25,,,,,,,,,,,
8,,,,,,"1",-1,"black",0.1,"1",,73.8977072310406,-0.15,73.8977072310406,-0.25,,,,,,,,,,,
8,,,,,,"1",-1,"black",0.1,"1",,78.5987234399933,-0.15,78.5987234399933,-0.25,,,,,,,,,,,
8,,,,,,"1",-1,"black",0.1,"1",,81.4709834551104,-0.15,81.4709834551104,-0.25,,,,,,,,,,,
8,,,,,,"1",-1,"black",0.1,"1",,84.488116234148,-0.15,84.488116234148,-0.25,,,,,,,,,,,
8,,,,,,"1",-1,"black",0.1,"1",,88.5382548080961,-0.15,88.5382548080961,-0.25,,,,,,,,,,,
8,,,,,,"1",-1,"black",0.1,"1",,96.7246157722348,-0.15,96.7246157722348,-0.25,,,,,,,,,,,
8,,,,,,"1",-1,"black",0.1,"1",,100,-0.15,100,-0.25,,,,,,,,,,,
9,,,,,,"1",-1,"black",0.3,"1",,0,-0.25,5.09784160577811,-0.25,,,,,,,,,,,
9,,,,,,"1",-1,"black",0.3,"1",,5.09784160577811,-0.25,7.37801293356849,-0.25,,,,,,,,,,,
9,,,,,,"1",-1,"black",0.3,"1",,7.37801293356849,-0.25,12.5409423028471,-0.25,,,,,,,,,,,
9,,,,,,"1",-1,"black",0.3,"1",,12.5409423028471,-0.25,13.8825900730663,-0.25,,,,,,,,,,,
9,,,,,,"1",-1,"black",0.3,"1",,13.8825900730663,-0.25,16.1753590325019,-0.25,,,,,,,,,,,
9,,,,,,"1",-1,"black",0.3,"1",,16.1753590325019,-0.25,20.7252036617116,-0.25,,,,,,,,,,,
9,,,,,,"1",-1,"black",0.3,"1",,20.7252036617116,-0.25,21.968169984043,-0.25,,,,,,,,,,,
9,,,,,,"1",-1,"black",0.3,"1",,21.968169984043,-0.25,24.6766607877719,-0.25,,,,,,,,,,,
9,,,,,,"1",-1,"black",0.3,"1",,24.6766607877719,-0.25,27.0240194843369,-0.25,,,,,,,,,,,
9,,,,,,"1",-1,"black",0.3,"1",,27.0240194843369,-0.25,32.665658856135,-0.25,,,,,,,,,,,
9,,,,,,"1",-1,"black",0.3,"1",,32.665658856135,-0.25,43.2686654908877,-0.25,,,,,,,,,,,
9,,,,,,"1",-1,"black",0.3,"1",,43.2686654908877,-0.25,54.6170319979844,-0.25,,,,,,,,,,,
9,,,,,,"1",-1,"black",0.3,"1",,54.6170319979844,-0.25,59.0807928109515,-0.25,,,,,,,,,,,
9,,,,,,"1",-1,"black",0.3,"1",,59.0807928109515,-0.25,62.1819098009574,-0.25,,,,,,,,,,,
9,,,,,,"1",-1,"black",0.3,"1",,62.1819098009574,-0.25,67.7521625934324,-0.25,,,,,,,,,,,
9,,,,,,"1",-1,"black",0.3,"1",,67.7521625934324,-0.25,70.3472747123541,-0.25,,,,,,,,,,,
9,,,,,,"1",-1,"black",0.3,"1",,70.3472747123541,-0.25,71.1640211640212,-0.25,,,,,,,,,,,
9,,,,,,"1",-1,"black",0.3,"1",,71.1640211640212,-0.25,73.8977072310406,-0.25,,,,,,,,,,,
9,,,,,,"1",-1,"black",0.3,"1",,73.8977072310406,-0.25,78.5987234399933,-0.25,,,,,,,,,,,
9,,,,,,"1",-1,"black",0.3,"1",,78.5987234399933,-0.25,81.4709834551104,-0.25,,,,,,,,,,,
9,,,,,,"1",-1,"black",0.3,"1",,81.4709834551104,-0.25,84.488116234148,-0.25,,,,,,,,,,,
9,,,,,,"1",-1,"black",0.3,"1",,84.488116234148,-0.25,88.5382548080961,-0.25,,,,,,,,,,,
9,,,,,,"1",-1,"black",0.3,"1",,88.5382548080961,-0.25,96.7246157722348,-0.25,,,,,,,,,,,
9,,,,,,"1",-1,"black",0.3,"1",,96.7246157722348,-0.25,100,-0.25,,,,,,,,,,,
10,,,,,,"1",-1,"black",,,,2.54892080288906,-0.5,,,"5%",0,0,"",2.3,90,0.5,0.5,"1",1.2,
10,,,,,,"1",-1,"black",,,,6.2379272696733,-0.5,,,"2%",0,0,"",2.3,90,0.5,0.5,"1",1.2,
10,,,,,,"1",-1,"black",,,,9.95947761820778,-0.5,,,"5%",0,0,"",2.3,90,0.5,0.5,"1",1.2,
10,,,,,,"1",-1,"black",,,,13.2117661879567,-0.5,,,"1%",0,0,"",2.3,90,0.5,0.5,"1",1.2,
10,,,,,,"1",-1,"black",,,,15.0289745527841,-0.5,,,"2%",0,0,"",2.3,90,0.5,0.5,"1",1.2,
10,,,,,,"1",-1,"black",,,,18.4502813471067,-0.5,,,"5%",0,0,"",2.3,90,0.5,0.5,"1",1.2,
10,,,,,,"1",-1,"black",,,,21.3466868228773,-0.5,,,"1%",0,0,"",2.3,90,0.5,0.5,"1",1.2,
10,,,,,,"1",-1,"black",,,,23.3224153859074,-0.5,,,"3%",0,0,"",2.3,90,0.5,0.5,"1",1.2,
10,,,,,,"1",-1,"black",,,,25.8503401360544,-0.5,,,"2%",0,0,"",2.3,90,0.5,0.5,"1",1.2,
10,,,,,,"1",-1,"black",,,,29.844839170236,-0.5,,,"6%",0,0,"",2.3,90,0.5,0.5,"1",1.2,
10,,,,,,"1",-1,"black",,,,37.9671621735114,-0.5,,,"11%",0,0,"",2.3,90,0.5,0.5,"1",1.2,
10,,,,,,"1",-1,"black",,,,48.942848744436,-0.5,,,"11%",0,0,"",2.3,90,0.5,0.5,"1",1.2,
10,,,,,,"1",-1,"black",,,,56.848912404468,-0.5,,,"4%",0,0,"",2.3,90,0.5,0.5,"1",1.2,
10,,,,,,"1",-1,"black",,,,60.6313513059545,-0.5,,,"3%",0,0,"",2.3,90,0.5,0.5,"1",1.2,
10,,,,,,"1",-1,"black",,,,64.9670361971949,-0.5,,,"6%",0,0,"",2.3,90,0.5,0.5,"1",1.2,
10,,,,,,"1",-1,"black",,,,69.0497186528933,-0.5,,,"3%",0,0,"",2.3,90,0.5,0.5,"1",1.2,
10,,,,,,"1",-1,"black",,,,70.7556479381876,-0.5,,,"1%",0,0,"",2.3,90,0.5,0.5,"1",1.2,
10,,,,,,"1",-1,"black",,,,72.5308641975309,-0.5,,,"3%",0,0,"",2.3,90,0.5,0.5,"1",1.2,
10,,,,,,"1",-1,"black",,,,76.2482153355169,-0.5,,,"5%",0,0,"",2.3,90,0.5,0.5,"1",1.2,
10,,,,,,"1",-1,"black",,,,80.0348534475519,-0.5,,,"3%",0,0,"",2.3,90,0.5,0.5,"1",1.2,
10,,,,,,"1",-1,"black",,,,82.9795498446292,-0.5,,,"3%",0,0,"",2.3,90,0.5,0.5,"1",1.2,
10,,,,,,"1",-1,"black",,,,86.513185521122,-0.5,,,"4%",0,0,"",2.3,90,0.5,0.5,"1",1.2,
10,,,,,,"1",-1,"black",,,,92.6314352901654,-0.5,,,"8%",0,0,"",2.3,90,0.5,0.5,"1",1.2,
10,,,,,,"1",-1,"black",,,,98.3623078861174,-0.5,,,"3%",0,0,"",2.3,90,0.5,0.5,"1",1.2,
11,,,,,,"1",-1,"gray50",0.3,"dashed",,,,,,,,,,,,,,,,2.94994541026287
12,,,,,,"1",-1,"gray50",,,,97,2.94994541026287,,,"Avg.",0,0,"",2.5,0,1,-0.5,"1",1.2,
13,60,62.0996052742085,7.4995057660626,8.12446457990115,"black","1",-1,"grey",0.5,"1","0.1",,,,,,,,,,,,,,,
14,,,,,,"1",-1,"black",,,,63.0996052742085,7.81198517298188,,,"= 1 recognition per 1,000 new PhDs",0,0,"",2.5,0,0,0.5,"1",1.2,
15,80,84,10.6242998352554,11.2492586490939,"#1A237E","1",-1,,0.5,"1","0.4",,,,,,,,,,,,,,,
16,80,84,9.99934102141681,10.6242998352554,"#8B4577","1",-1,,0.5,"1","0.4",,,,,,,,,,,,,,,
17,80,84,9.37438220757826,9.99934102141681,"#00A5A5","1",-1,,0.5,"1","0.4",,,,,,,,,,,,,,,
18,80,84,8.74942339373971,9.37438220757826,"#E7298A","1",-1,,0.5,"1","0.4",,,,,,,,,,,,,,,
19,,,,,,"1",-1,"#1A237E",1,"1",,84,10.6242998352554,,11.2492586490939,,,,,,,,,,,
20,,,,,,"1",-1,"#8B4577",1,"1",,84,9.99934102141681,,10.6242998352554,,,,,,,,,,,
21,,,,,,"1",-1,"#00A5A5",1,"1",,84,9.37438220757826,,9.99934102141681,,,,,,,,,,,
22,,,,,,"1",-1,"#E7298A",1,"1",,84,8.74942339373971,,9.37438220757826,,,,,,,,,,,
23,,,,,,"1",-1,"black",,,,85,10.9367792421746,,,"Math & Phys. sci",,,"",2.5,0,0,0.5,"1",1.2,
24,,,,,,"1",-1,"black",,,,85,10.3118204283361,,,"Applied sci",,,"",2.5,0,0,0.5,"1",1.2,
25,,,,,,"1",-1,"black",,,,85,9.68686161449753,,,"Life & Health",,,"",2.5,0,0,0.5,"1",1.2,
26,,,,,,"1",-1,"black",,,,85,9.06190280065898,,,"Social sci",,,"",2.5,0,0,0.5,"1",1.2,
27,,,,,,"1",-1,"black",,,,85,11.4367462932455,,,"Broad fields",,,"",2.8,0,0,0.5,"bold",1.2,
