"layer","x","y","flipped_aes","PANEL","group","colour","fill","linewidth","linetype","weight","alpha","shape","size","stroke","label","angle","family","fontface","lineheight","hjust","vjust","point.size","segment.linetype","segment.size","segment.curvature","segment.angle","segment.ncp","segment.shape","segment.square","segment.squareShape","segment.inflect","segment.debug","segment.colour","segment.alpha"
1,141,1.33304522763162,"FALSE","1",-1,"#CBC3E3","#999999FF",0.5,1,1,"0.4",,,,,,,,,,,,,,,,,,,,,,,
1,141.924050632911,1.34883754878388,"FALSE","1",-1,"#CBC3E3","#999999FF",0.5,1,1,"0.4",,,,,,,,,,,,,,,,,,,,,,,
1,142.848101265823,1.36462986993615,"FALSE","1",-1,"#CBC3E3","#999999FF",0.5,1,1,"0.4",,,,,,,,,,,,,,,,,,,,,,,
1,143.772151898734,1.38042219108841,"FALSE","1",-1,"#CBC3E3","#999999FF",0.5,1,1,"0.4",,,,,,,,,,,,,,,,,,,,,,,
1,144.696202531646,1.39621451224068,"FALSE","1",-1,"#CBC3E3","#999999FF",0.5,1,1,"0.4",,,,,,,,,,,,,,,,,,,,,,,
1,145.620253164557,1.41200683339294,"FALSE","1",-1,"#CBC3E3","#999999FF",0.5,1,1,"0.4",,,,,,,,,,,,,,,,,,,,,,,
1,146.544303797468,1.4277991545452,"FALSE","1",-1,"#CBC3E3","#999999FF",0.5,1,1,"0.4",,,,,,,,,,,,,,,,,,,,,,,
1,147.46835443038,1.44359147569747,"FALSE","1",-1,"#CBC3E3","#999999FF",0.5,1,1,"0.4",,,,,,,,,,,,,,,,,,,,,,,
1,148.392405063291,1.45938379684973,"FALSE","1",-1,"#CBC3E3","#999999FF",0.5,1,1,"0.4",,,,,,,,,,,,,,,,,,,,,,,
1,149.316455696203,1.47517611800199,"FALSE","1",-1,"#CBC3E3","#999999FF",0.5,1,1,"0.4",,,,,,,,,,,,,,,,,,,,,,,
1,150.240506329114,1.49096843915426,"FALSE","1",-1,"#CBC3E3","#999999FF",0.5,1,1,"0.4",,,,,,,,,,,,,,,,,,,,,,,
1,151.164556962025,1.50676076030652,"FALSE","1",-1,"#CBC3E3","#999999FF",0.5,1,1,"0.4",,,,,,,,,,,,,,,,,,,,,,,
1,152.088607594937,1.52255308145879,"FALSE","1",-1,"#CBC3E3","#999999FF",0.5,1,1,"0.4",,,,,,,,,,,,,,,,,,,,,,,
1,153.012658227848,1.53834540261105,"FALSE","1",-1,"#CBC3E3","#999999FF",0.5,1,1,"0.4",,,,,,,,,,,,,,,,,,,,,,,
1,153.936708860759,1.55413772376331,"FALSE","1",-1,"#CBC3E3","#999999FF",0.5,1,1,"0.4",,,,,,,,,,,,,,,,,,,,,,,
1,154.860759493671,1.56993004491558,"FALSE","1",-1,"#CBC3E3","#999999FF",0.5,1,1,"0.4",,,,,,,,,,,,,,,,,,,,,,,
1,155.784810126582,1.58572236606784,"FALSE","1",-1,"#CBC3E3","#999999FF",0.5,1,1,"0.4",,,,,,,,,,,,,,,,,,,,,,,
1,156.708860759494,1.6015146872201,"FALSE","1",-1,"#CBC3E3","#999999FF",0.5,1,1,"0.4",,,,,,,,,,,,,,,,,,,,,,,
1,157.632911392405,1.61730700837237,"FALSE","1",-1,"#CBC3E3","#999999FF",0.5,1,1,"0.4",,,,,,,,,,,,,,,,,,,,,,,
1,158.556962025316,1.63309932952463,"FALSE","1",-1,"#CBC3E3","#999999FF",0.5,1,1,"0.4",,,,,,,,,,,,,,,,,,,,,,,
1,159.481012658228,1.6488916506769,"FALSE","1",-1,"#CBC3E3","#999999FF",0.5,1,1,"0.4",,,,,,,,,,,,,,,,,,,,,,,
1,160.405063291139,1.66468397182916,"FALSE","1",-1,"#CBC3E3","#999999FF",0.5,1,1,"0.4",,,,,,,,,,,,,,,,,,,,,,,
1,161.329113924051,1.68047629298142,"FALSE","1",-1,"#CBC3E3","#999999FF",0.5,1,1,"0.4",,,,,,,,,,,,,,,,,,,,,,,
1,162.253164556962,1.69626861413369,"FALSE","1",-1,"#CBC3E3","#999999FF",0.5,1,1,"0.4",,,,,,,,,,,,,,,,,,,,,,,
1,163.177215189873,1.71206093528595,"FALSE","1",-1,"#CBC3E3","#999999FF",0.5,1,1,"0.4",,,,,,,,,,,,,,,,,,,,,,,
1,164.101265822785,1.72785325643821,"FALSE","1",-1,"#CBC3E3","#999999FF",0.5,1,1,"0.4",,,,,,,,,,,,,,,,,,,,,,,
1,165.025316455696,1.74364557759048,"FALSE","1",-1,"#CBC3E3","#999999FF",0.5,1,1,"0.4",,,,,,,,,,,,,,,,,,,,,,,
1,165.949367088608,1.75943789874274,"FALSE","1",-1,"#CBC3E3","#999999FF",0.5,1,1,"0.4",,,,,,,,,,,,,,,,,,,,,,,
1,166.873417721519,1.77523021989501,"FALSE","1",-1,"#CBC3E3","#999999FF",0.5,1,1,"0.4",,,,,,,,,,,,,,,,,,,,,,,
1,167.79746835443,1.79102254104727,"FALSE","1",-1,"#CBC3E3","#999999FF",0.5,1,1,"0.4",,,,,,,,,,,,,,,,,,,,,,,
1,168.721518987342,1.80681486219953,"FALSE","1",-1,"#CBC3E3","#999999FF",0.5,1,1,"0.4",,,,,,,,,,,,,,,,,,,,,,,
1,169.645569620253,1.8226071833518,"FALSE","1",-1,"#CBC3E3","#999999FF",0.5,1,1,"0.4",,,,,,,,,,,,,,,,,,,,,,,
1,170.569620253165,1.83839950450406,"FALSE","1",-1,"#CBC3E3","#999999FF",0.5,1,1,"0.4",,,,,,,,,,,,,,,,,,,,,,,
1,171.493670886076,1.85419182565633,"FALSE","1",-1,"#CBC3E3","#999999FF",0.5,1,1,"0.4",,,,,,,,,,,,,,,,,,,,,,,
1,172.417721518987,1.86998414680859,"FALSE","1",-1,"#CBC3E3","#999999FF",0.5,1,1,"0.4",,,,,,,,,,,,,,,,,,,,,,,
1,173.341772151899,1.88577646796085,"FALSE","1",-1,"#CBC3E3","#999999FF",0.5,1,1,"0.4",,,,,,,,,,,,,,,,,,,,,,,
1,174.26582278481,1.90156878911312,"FALSE","1",-1,"#CBC3E3","#999999FF",0.5,1,1,"0.4",,,,,,,,,,,,,,,,,,,,,,,
1,175.189873417722,1.91736111026538,"FALSE","1",-1,"#CBC3E3","#999999FF",0.5,1,1,"0.4",,,,,,,,,,,,,,,,,,,,,,,
1,176.113924050633,1.93315343141764,"FALSE","1",-1,"#CBC3E3","#999999FF",0.5,1,1,"0.4",,,,,,,,,,,,,,,,,,,,,,,
1,177.037974683544,1.94894575256991,"FALSE","1",-1,"#CBC3E3","#999999FF",0.5,1,1,"0.4",,,,,,,,,,,,,,,,,,,,,,,
1,177.962025316456,1.96473807372217,"FALSE","1",-1,"#CBC3E3","#999999FF",0.5,1,1,"0.4",,,,,,,,,,,,,,,,,,,,,,,
1,178.886075949367,1.98053039487444,"FALSE","1",-1,"#CBC3E3","#999999FF",0.5,1,1,"0.4",,,,,,,,,,,,,,,,,,,,,,,
1,179.810126582278,1.9963227160267,"FALSE","1",-1,"#CBC3E3","#999999FF",0.5,1,1,"0.4",,,,,,,,,,,,,,,,,,,,,,,
1,180.73417721519,2.01211503717896,"FALSE","1",-1,"#CBC3E3","#999999FF",0.5,1,1,"0.4",,,,,,,,,,,,,,,,,,,,,,,
1,181.658227848101,2.02790735833123,"FALSE","1",-1,"#CBC3E3","#999999FF",0.5,1,1,"0.4",,,,,,,,,,,,,,,,,,,,,,,
1,182.582278481013,2.04369967948349,"FALSE","1",-1,"#CBC3E3","#999999FF",0.5,1,1,"0.4",,,,,,,,,,,,,,,,,,,,,,,
1,183.506329113924,2.05949200063575,"FALSE","1",-1,"#CBC3E3","#999999FF",0.5,1,1,"0.4",,,,,,,,,,,,,,,,,,,,,,,
1,184.430379746835,2.07528432178802,"FALSE","1",-1,"#CBC3E3","#999999FF",0.5,1,1,"0.4",,,,,,,,,,,,,,,,,,,,,,,
1,185.354430379747,2.09107664294028,"FALSE","1",-1,"#CBC3E3","#999999FF",0.5,1,1,"0.4",,,,,,,,,,,,,,,,,,,,,,,
1,186.278481012658,2.10686896409255,"FALSE","1",-1,"#CBC3E3","#999999FF",0.5,1,1,"0.4",,,,,,,,,,,,,,,,,,,,,,,
1,187.20253164557,2.12266128524481,"FALSE","1",-1,"#CBC3E3","#999999FF",0.5,1,1,"0.4",,,,,,,,,,,,,,,,,,,,,,,
1,188.126582278481,2.13845360639707,"FALSE","1",-1,"#CBC3E3","#999999FF",0.5,1,1,"0.4",,,,,,,,,,,,,,,,,,,,,,,
1,189.050632911392,2.15424592754934,"FALSE","1",-1,"#CBC3E3","#999999FF",0.5,1,1,"0.4",,,,,,,,,,,,,,,,,,,,,,,
1,189.974683544304,2.1700382487016,"FALSE","1",-1,"#CBC3E3","#999999FF",0.5,1,1,"0.4",,,,,,,,,,,,,,,,,,,,,,,
1,190.898734177215,2.18583056985386,"FALSE","1",-1,"#CBC3E3","#999999FF",0.5,1,1,"0.4",,,,,,,,,,,,,,,,,,,,,,,
1,191.822784810127,2.20162289100613,"FALSE","1",-1,"#CBC3E3","#999999FF",0.5,1,1,"0.4",,,,,,,,,,,,,,,,,,,,,,,
1,192.746835443038,2.21741521215839,"FALSE","1",-1,"#CBC3E3","#999999FF",0.5,1,1,"0.4",,,,,,,,,,,,,,,,,,,,,,,
1,193.670886075949,2.23320753331066,"FALSE","1",-1,"#CBC3E3","#999999FF",0.5,1,1,"0.4",,,,,,,,,,,,,,,,,,,,,,,
1,194.594936708861,2.24899985446292,"FALSE","1",-1,"#CBC3E3","#999999FF",0.5,1,1,"0.4",,,,,,,,,,,,,,,,,,,,,,,
1,195.518987341772,2.26479217561518,"FALSE","1",-1,"#CBC3E3","#999999FF",0.5,1,1,"0.4",,,,,,,,,,,,,,,,,,,,,,,
1,196.443037974684,2.28058449676745,"FALSE","1",-1,"#CBC3E3","#999999FF",0.5,1,1,"0.4",,,,,,,,,,,,,,,,,,,,,,,
1,197.367088607595,2.29637681791971,"FALSE","1",-1,"#CBC3E3","#999999FF",0.5,1,1,"0.4",,,,,,,,,,,,,,,,,,,,,,,
1,198.291139240506,2.31216913907198,"FALSE","1",-1,"#CBC3E3","#999999FF",0.5,1,1,"0.4",,,,,,,,,,,,,,,,,,,,,,,
1,199.215189873418,2.32796146022424,"FALSE","1",-1,"#CBC3E3","#999999FF",0.5,1,1,"0.4",,,,,,,,,,,,,,,,,,,,,,,
1,200.139240506329,2.3437537813765,"FALSE","1",-1,"#CBC3E3","#999999FF",0.5,1,1,"0.4",,,,,,,,,,,,,,,,,,,,,,,
1,201.063291139241,2.35954610252877,"FALSE","1",-1,"#CBC3E3","#999999FF",0.5,1,1,"0.4",,,,,,,,,,,,,,,,,,,,,,,
1,201.987341772152,2.37533842368103,"FALSE","1",-1,"#CBC3E3","#999999FF",0.5,1,1,"0.4",,,,,,,,,,,,,,,,,,,,,,,
1,202.911392405063,2.39113074483329,"FALSE","1",-1,"#CBC3E3","#999999FF",0.5,1,1,"0.4",,,,,,,,,,,,,,,,,,,,,,,
1,203.835443037975,2.40692306598556,"FALSE","1",-1,"#CBC3E3","#999999FF",0.5,1,1,"0.4",,,,,,,,,,,,,,,,,,,,,,,
1,204.759493670886,2.42271538713782,"FALSE","1",-1,"#CBC3E3","#999999FF",0.5,1,1,"0.4",,,,,,,,,,,,,,,,,,,,,,,
1,205.683544303797,2.43850770829008,"FALSE","1",-1,"#CBC3E3","#999999FF",0.5,1,1,"0.4",,,,,,,,,,,,,,,,,,,,,,,
1,206.607594936709,2.45430002944235,"FALSE","1",-1,"#CBC3E3","#999999FF",0.5,1,1,"0.4",,,,,,,,,,,,,,,,,,,,,,,
1,207.53164556962,2.47009235059461,"FALSE","1",-1,"#CBC3E3","#999999FF",0.5,1,1,"0.4",,,,,,,,,,,,,,,,,,,,,,,
1,208.455696202532,2.48588467174688,"FALSE","1",-1,"#CBC3E3","#999999FF",0.5,1,1,"0.4",,,,,,,,,,,,,,,,,,,,,,,
1,209.379746835443,2.50167699289914,"FALSE","1",-1,"#CBC3E3","#999999FF",0.5,1,1,"0.4",,,,,,,,,,,,,,,,,,,,,,,
1,210.303797468354,2.5174693140514,"FALSE","1",-1,"#CBC3E3","#999999FF",0.5,1,1,"0.4",,,,,,,,,,,,,,,,,,,,,,,
1,211.227848101266,2.53326163520367,"FALSE","1",-1,"#CBC3E3","#999999FF",0.5,1,1,"0.4",,,,,,,,,,,,,,,,,,,,,,,
1,212.151898734177,2.54905395635593,"FALSE","1",-1,"#CBC3E3","#999999FF",0.5,1,1,"0.4",,,,,,,,,,,,,,,,,,,,,,,
1,213.075949367089,2.5648462775082,"FALSE","1",-1,"#CBC3E3","#999999FF",0.5,1,1,"0.4",,,,,,,,,,,,,,,,,,,,,,,
1,214,2.58063859866046,"FALSE","1",-1,"#CBC3E3","#999999FF",0.5,1,1,"0.4",,,,,,,,,,,,,,,,,,,,,,,
2,146,1.29638632312429,,"1",1,"black","blue",,,,"0.6",21,2,0.5,,,,,,,,,,,,,,,,,,,,
2,141,0.191938579654511,,"1",2,"black","red",,,,"0.6",21,2,0.5,,,,,,,,,,,,,,,,,,,,
2,175,0.654932460090053,,"1",1,"black","blue",,,,"0.6",21,2,0.5,,,,,,,,,,,,,,,,,,,,
2,160,3.05480682839173,,"1",1,"black","blue",,,,"0.6",21,2,0.5,,,,,,,,,,,,,,,,,,,,
2,150,0.788954635108481,,"1",1,"black","blue",,,,"0.6",21,2,0.5,,,,,,,,,,,,,,,,,,,,
2,200,1.60721285770286,,"1",1,"black","blue",,,,"0.6",21,2,0.5,,,,,,,,,,,,,,,,,,,,
2,214,1.36372127778816,,"1",1,"black","blue",,,,"0.6",21,2,0.5,,,,,,,,,,,,,,,,,,,,
2,150,2.51677852348993,,"1",1,"black","blue",,,,"0.6",21,2,0.5,,,,,,,,,,,,,,,,,,,,
2,202,1.20724346076459,,"1",2,"black","red",,,,"0.6",21,2,0.5,,,,,,,,,,,,,,,,,,,,
2,191,3.25229960578187,,"1",1,"black","blue",,,,"0.6",21,2,0.5,,,,,,,,,,,,,,,,,,,,
2,170,0.780089153046062,,"1",1,"black","blue",,,,"0.6",21,2,0.5,,,,,,,,,,,,,,,,,,,,
2,175,5.0561797752809,,"1",1,"black","blue",,,,"0.6",21,2,0.5,,,,,,,,,,,,,,,,,,,,
2,170,2.26504257139365,,"1",1,"black","blue",,,,"0.6",21,2,0.5,,,,,,,,,,,,,,,,,,,,
2,180,5.09673392968587,,"1",1,"black","blue",,,,"0.6",21,2,0.5,,,,,,,,,,,,,,,,,,,,
2,170,0.387992648560343,,"1",2,"black","red",,,,"0.6",21,2,0.5,,,,,,,,,,,,,,,,,,,,
2,144,0.0459453250631748,,"1",2,"black","red",,,,"0.6",21,2,0.5,,,,,,,,,,,,,,,,,,,,
3,146,1.29638632312429,,"1",-1,"black","#FFFFFFB2",,,,,,2.3,,"Agriculture &
Environmental Sci.",0,"",1,0.9,0.5,0.5,1,1,0.4,0,90,1,0.5,"TRUE",1,"FALSE","FALSE","grey50",0.6
3,141,0.191938579654511,,"1",-1,"black","#FFFFFFB2",,,,,,2.3,,"Anthropology &
Other Social Sci.",0,"",1,0.9,0.5,0.5,1,1,0.4,0,90,1,0.5,"TRUE",1,"FALSE","FALSE","grey50",0.6
3,175,0.654932460090053,,"1",-1,"black","#FFFFFFB2",,,,,,2.3,,"Biomedical &
Other Eng.",0,"",1,0.9,0.5,0.5,1,1,0.4,0,90,1,0.5,"TRUE",1,"FALSE","FALSE","grey50",0.6
3,160,3.05480682839173,,"1",-1,"black","#FFFFFFB2",,,,,,2.3,,"Chemistry &
Chemical Eng.",0,"",1,0.9,0.5,0.5,1,1,0.4,0,90,1,0.5,"TRUE",1,"FALSE","FALSE","grey50",0.6
3,150,0.788954635108481,,"1",-1,"black","#FFFFFFB2",,,,,,2.3,,"Civil & Env. Eng.",0,"",1,0.9,0.5,0.5,1,1,0.4,0,90,1,0.5,"TRUE",1,"FALSE","FALSE","grey50",0.6
3,200,1.60721285770286,,"1",-1,"black","#FFFFFFB2",,,,,,2.3,,"Computer &
Electrical Eng.",0,"",1,0.9,0.5,0.5,1,1,0.4,0,90,1,0.5,"TRUE",1,"FALSE","FALSE","grey50",0.6
3,214,1.36372127778816,,"1",-1,"black","#FFFFFFB2",,,,,,2.3,,"Computer Science",0,"",1,0.9,0.5,0.5,1,1,0.4,0,90,1,0.5,"TRUE",1,"FALSE","FALSE","grey50",0.6
3,150,2.51677852348993,,"1",-1,"black","#FFFFFFB2",,,,,,2.3,,"Earth & Ocean Sci.",0,"",1,0.9,0.5,0.5,1,1,0.4,0,90,1,0.5,"TRUE",1,"FALSE","FALSE","grey50",0.6
3,202,1.20724346076459,,"1",-1,"black","#FFFFFFB2",,,,,,2.3,,"Economics",0,"",1,0.9,0.5,0.5,1,1,0.4,0,90,1,0.5,"TRUE",1,"FALSE","FALSE","grey50",0.6
3,191,3.25229960578187,,"1",-1,"black","#FFFFFFB2",,,,,,2.3,,"Mathematics",0,"",1,0.9,0.5,0.5,1,1,0.4,0,90,1,0.5,"TRUE",1,"FALSE","FALSE","grey50",0.6
3,170,0.780089153046062,,"1",-1,"black","#FFFFFFB2",,,,,,2.3,,"Mechanical &
Aerospace Eng.",0,"",1,0.9,0.5,0.5,1,1,0.4,0,90,1,0.5,"TRUE",1,"FALSE","FALSE","grey50",0.6
3,175,5.0561797752809,,"1",-1,"black","#FFFFFFB2",,,,,,2.3,,"Microbiology &
Immunology",0,"",1,0.9,0.5,0.5,1,1,0.4,0,90,1,0.5,"TRUE",1,"FALSE","FALSE","grey50",0.6
3,170,2.26504257139365,,"1",-1,"black","#FFFFFFB2",,,,,,2.3,,"Other Biological
& Health Sci.",0,"",1,0.9,0.5,0.5,1,1,0.4,0,90,1,0.5,"TRUE",1,"FALSE","FALSE","grey50",0.6
3,180,5.09673392968587,,"1",-1,"black","#FFFFFFB2",,,,,,2.3,,"Physics & Astronomy",0,"",1,0.9,0.5,0.5,1,1,0.4,0,90,1,0.5,"TRUE",1,"FALSE","FALSE","grey50",0.6
3,170,0.387992648560343,,"1",-1,"black","#FFFFFFB2",,,,,,2.3,,"Political Science
& Sociology",0,"",1,0.9,0.5,0.5,1,1,0.4,0,90,1,0.5,"TRUE",1,"FALSE","FALSE","grey50",0.6
3,144,0.0459453250631748,,"1",-1,"black","#FFFFFFB2",,,,,,2.3,,"Psychology",0,"",1,0.9,0.5,0.5,1,1,0.4,0,90,1,0.5,"TRUE",1,"FALSE","FALSE","grey50",0.6
