"layer","y","x","PANEL","group","shape","colour","fill","size","alpha","stroke","flipped_aes","linewidth","linetype","weight","label","order","xmin","xmax","ymax","angle","family","fontface","lineheight","hjust","vjust","point.size","segment.linetype","segment.size","segment.curvature","segment.angle","segment.ncp","segment.shape","segment.square","segment.squareShape","segment.inflect","segment.debug","segment.colour","segment.alpha"
1,33000,1731,"1",-1,21,"black","blue",2,"0.3",0.5,,,,,,,,,,,,,,,,,,,,,,,,,,,,
1,0,1824,"1",-1,21,"black","blue",2,"0.3",0.5,,,,,,,,,,,,,,,,,,,,,,,,,,,,
1,10000,1824,"1",-1,21,"black","blue",2,"0.3",0.5,,,,,,,,,,,,,,,,,,,,,,,,,,,,
1,10000,1824,"1",-1,21,"black","blue",2,"0.3",0.5,,,,,,,,,,,,,,,,,,,,,,,,,,,,
1,10000,1824,"1",-1,21,"black","blue",2,"0.3",0.5,,,,,,,,,,,,,,,,,,,,,,,,,,,,
1,250000,1824,"1",-1,21,"black","blue",2,"0.3",0.5,,,,,,,,,,,,,,,,,,,,,,,,,,,,
1,10000,1824,"1",-1,21,"black","blue",2,"0.3",0.5,,,,,,,,,,,,,,,,,,,,,,,,,,,,
1,10000,1824,"1",-1,21,"black","blue",2,"0.3",0.5,,,,,,,,,,,,,,,,,,,,,,,,,,,,
1,0,1831,"1",-1,21,"black","blue",2,"0.3",0.5,,,,,,,,,,,,,,,,,,,,,,,,,,,,
1,0,1868,"1",-1,21,"black","blue",2,"0.3",0.5,,,,,,,,,,,,,,,,,,,,,,,,,,,,
1,3900,1869,"1",-1,21,"black","blue",2,"0.3",0.5,,,,,,,,,,,,,,,,,,,,,,,,,,,,
1,75000,1887,"1",-1,21,"black","blue",2,"0.3",0.5,,,,,,,,,,,,,,,,,,,,,,,,,,,,
1,0,1898,"1",-1,21,"black","blue",2,"0.3",0.5,,,,,,,,,,,,,,,,,,,,,,,,,,,,
1,1e+06,1901,"1",-1,21,"black","blue",2,"0.3",0.5,,,,,,,,,,,,,,,,,,,,,,,,,,,,
1,1e+06,1901,"1",-1,21,"black","blue",2,"0.3",0.5,,,,,,,,,,,,,,,,,,,,,,,,,,,,
1,1e+06,1901,"1",-1,21,"black","blue",2,"0.3",0.5,,,,,,,,,,,,,,,,,,,,,,,,,,,,
1,2e+06,1917,"1",-1,21,"black","blue",2,"0.3",0.5,,,,,,,,,,,,,,,,,,,,,,,,,,,,
1,0,1925,"1",-1,21,"black","blue",2,"0.3",0.5,,,,,,,,,,,,,,,,,,,,,,,,,,,,
1,0,1929,"1",-1,21,"black","blue",2,"0.3",0.5,,,,,,,,,,,,,,,,,,,,,,,,,,,,
1,44000,1936,"1",-1,21,"black","blue",2,"0.3",0.5,,,,,,,,,,,,,,,,,,,,,,,,,,,,
1,250000,1946,"1",-1,21,"black","blue",2,"0.3",0.5,,,,,,,,,,,,,,,,,,,,,,,,,,,,
1,130000,1952,"1",-1,21,"black","blue",2,"0.3",0.5,,,,,,,,,,,,,,,,,,,,,,,,,,,,
1,2500,1957,"1",-1,21,"black","blue",2,"0.3",0.5,,,,,,,,,,,,,,,,,,,,,,,,,,,,
1,370000,1959,"1",-1,21,"black","blue",2,"0.3",0.5,,,,,,,,,,,,,,,,,,,,,,,,,,,,
1,250000,1960,"1",-1,21,"black","blue",2,"0.3",0.5,,,,,,,,,,,,,,,,,,,,,,,,,,,,
1,250000,1960,"1",-1,21,"black","blue",2,"0.3",0.5,,,,,,,,,,,,,,,,,,,,,,,,,,,,
1,830000,1961,"1",-1,21,"black","blue",2,"0.3",0.5,,,,,,,,,,,,,,,,,,,,,,,,,,,,
1,2e+05,1964,"1",-1,21,"black","blue",2,"0.3",0.5,,,,,,,,,,,,,,,,,,,,,,,,,,,,
1,1e+06,1966,"1",-1,21,"black","blue",2,"0.3",0.5,,,,,,,,,,,,,,,,,,,,,,,,,,,,
1,0,1967,"1",-1,21,"black","blue",2,"0.3",0.5,,,,,,,,,,,,,,,,,,,,,,,,,,,,
1,1e+06,1969,"1",-1,21,"black","blue",2,"0.3",0.5,,,,,,,,,,,,,,,,,,,,,,,,,,,,
1,130000,1970,"1",-1,21,"black","blue",2,"0.3",0.5,,,,,,,,,,,,,,,,,,,,,,,,,,,,
1,150000,1972,"1",-1,21,"black","blue",2,"0.3",0.5,,,,,,,,,,,,,,,,,,,,,,,,,,,,
1,50000,1972,"1",-1,21,"black","blue",2,"0.3",0.5,,,,,,,,,,,,,,,,,,,,,,,,,,,,
1,1400000,1973,"1",-1,21,"black","blue",2,"0.3",0.5,,,,,,,,,,,,,,,,,,,,,,,,,,,,
1,250000,1974,"1",-1,21,"black","blue",2,"0.3",0.5,,,,,,,,,,,,,,,,,,,,,,,,,,,,
1,1e+05,1975,"1",-1,21,"black","blue",2,"0.3",0.5,,,,,,,,,,,,,,,,,,,,,,,,,,,,
1,10000,1976,"1",-1,21,"black","blue",2,"0.3",0.5,,,,,,,,,,,,,,,,,,,,,,,,,,,,
1,0,1976,"1",-1,21,"black","blue",2,"0.3",0.5,,,,,,,,,,,,,,,,,,,,,,,,,,,,
1,1e+05,1978,"1",-1,21,"black","blue",2,"0.3",0.5,,,,,,,,,,,,,,,,,,,,,,,,,,,,
1,1e+05,1978,"1",-1,21,"black","blue",2,"0.3",0.5,,,,,,,,,,,,,,,,,,,,,,,,,,,,
1,1e+05,1978,"1",-1,21,"black","blue",2,"0.3",0.5,,,,,,,,,,,,,,,,,,,,,,,,,,,,
1,1e+05,1978,"1",-1,21,"black","blue",2,"0.3",0.5,,,,,,,,,,,,,,,,,,,,,,,,,,,,
1,1e+05,1978,"1",-1,21,"black","blue",2,"0.3",0.5,,,,,,,,,,,,,,,,,,,,,,,,,,,,
1,270000,1979,"1",-1,21,"black","blue",2,"0.3",0.5,,,,,,,,,,,,,,,,,,,,,,,,,,,,
1,560000,1980,"1",-1,21,"black","blue",2,"0.3",0.5,,,,,,,,,,,,,,,,,,,,,,,,,,,,
1,54000,1981,"1",-1,21,"black","blue",2,"0.3",0.5,,,,,,,,,,,,,,,,,,,,,,,,,,,,
1,560000,1982,"1",-1,21,"black","blue",2,"0.3",0.5,,,,,,,,,,,,,,,,,,,,,,,,,,,,
1,560000,1982,"1",-1,21,"black","blue",2,"0.3",0.5,,,,,,,,,,,,,,,,,,,,,,,,,,,,
1,560000,1982,"1",-1,21,"black","blue",2,"0.3",0.5,,,,,,,,,,,,,,,,,,,,,,,,,,,,
1,10000,1984,"1",-1,21,"black","blue",2,"0.3",0.5,,,,,,,,,,,,,,,,,,,,,,,,,,,,
1,2e+05,1984,"1",-1,21,"black","blue",2,"0.3",0.5,,,,,,,,,,,,,,,,,,,,,,,,,,,,
1,660000,1985,"1",-1,21,"black","blue",2,"0.3",0.5,,,,,,,,,,,,,,,,,,,,,,,,,,,,
1,660000,1985,"1",-1,21,"black","blue",2,"0.3",0.5,,,,,,,,,,,,,,,,,,,,,,,,,,,,
1,660000,1985,"1",-1,21,"black","blue",2,"0.3",0.5,,,,,,,,,,,,,,,,,,,,,,,,,,,,
1,250000,1987,"1",-1,21,"black","blue",2,"0.3",0.5,,,,,,,,,,,,,,,,,,,,,,,,,,,,
1,5e+05,1987,"1",-1,21,"black","blue",2,"0.3",0.5,,,,,,,,,,,,,,,,,,,,,,,,,,,,
1,5e+05,1989,"1",-1,21,"black","blue",2,"0.3",0.5,,,,,,,,,,,,,,,,,,,,,,,,,,,,
1,2e+05,1989,"1",-1,21,"black","blue",2,"0.3",0.5,,,,,,,,,,,,,,,,,,,,,,,,,,,,
1,140000,1990,"1",-1,21,"black","blue",2,"0.3",0.5,,,,,,,,,,,,,,,,,,,,,,,,,,,,
1,2e+05,1990,"1",-1,21,"black","blue",2,"0.3",0.5,,,,,,,,,,,,,,,,,,,,,,,,,,,,
1,1e+05,1991,"1",-1,21,"black","blue",2,"0.3",0.5,,,,,,,,,,,,,,,,,,,,,,,,,,,,
1,660000,1992,"1",-1,21,"black","blue",2,"0.3",0.5,,,,,,,,,,,,,,,,,,,,,,,,,,,,
1,5000,1993,"1",-1,21,"black","blue",2,"0.3",0.5,,,,,,,,,,,,,,,,,,,,,,,,,,,,
1,55000,1993,"1",-1,21,"black","blue",2,"0.3",0.5,,,,,,,,,,,,,,,,,,,,,,,,,,,,
1,3e+05,1994,"1",-1,21,"black","blue",2,"0.3",0.5,,,,,,,,,,,,,,,,,,,,,,,,,,,,
1,140000,1996,"1",-1,21,"black","blue",2,"0.3",0.5,,,,,,,,,,,,,,,,,,,,,,,,,,,,
1,5e+05,2000,"1",-1,21,"black","blue",2,"0.3",0.5,,,,,,,,,,,,,,,,,,,,,,,,,,,,
1,560000,2000,"1",-1,21,"black","blue",2,"0.3",0.5,,,,,,,,,,,,,,,,,,,,,,,,,,,,
1,5e+05,2001,"1",-1,21,"black","blue",2,"0.3",0.5,,,,,,,,,,,,,,,,,,,,,,,,,,,,
1,5e+05,2001,"1",-1,21,"black","blue",2,"0.3",0.5,,,,,,,,,,,,,,,,,,,,,,,,,,,,
1,670000,2003,"1",-1,21,"black","blue",2,"0.3",0.5,,,,,,,,,,,,,,,,,,,,,,,,,,,,
1,1200000,2004,"1",-1,21,"black","blue",2,"0.3",0.5,,,,,,,,,,,,,,,,,,,,,,,,,,,,
1,1200000,2004,"1",-1,21,"black","blue",2,"0.3",0.5,,,,,,,,,,,,,,,,,,,,,,,,,,,,
1,1100000,2004,"1",-1,21,"black","blue",2,"0.3",0.5,,,,,,,,,,,,,,,,,,,,,,,,,,,,
1,1200000,2004,"1",-1,21,"black","blue",2,"0.3",0.5,,,,,,,,,,,,,,,,,,,,,,,,,,,,
1,5e+05,2004,"1",-1,21,"black","blue",2,"0.3",0.5,,,,,,,,,,,,,,,,,,,,,,,,,,,,
1,10000,2005,"1",-1,21,"black","blue",2,"0.3",0.5,,,,,,,,,,,,,,,,,,,,,,,,,,,,
1,1e+05,2006,"1",-1,21,"black","blue",2,"0.3",0.5,,,,,,,,,,,,,,,,,,,,,,,,,,,,
1,645000,2008,"1",-1,21,"black","blue",2,"0.3",0.5,,,,,,,,,,,,,,,,,,,,,,,,,,,,
1,1e+06,2008,"1",-1,21,"black","blue",2,"0.3",0.5,,,,,,,,,,,,,,,,,,,,,,,,,,,,
1,1e+06,2008,"1",-1,21,"black","blue",2,"0.3",0.5,,,,,,,,,,,,,,,,,,,,,,,,,,,,
1,1e+06,2008,"1",-1,21,"black","blue",2,"0.3",0.5,,,,,,,,,,,,,,,,,,,,,,,,,,,,
1,415000,2008,"1",-1,21,"black","blue",2,"0.3",0.5,,,,,,,,,,,,,,,,,,,,,,,,,,,,
1,415000,2008,"1",-1,21,"black","blue",2,"0.3",0.5,,,,,,,,,,,,,,,,,,,,,,,,,,,,
1,415000,2008,"1",-1,21,"black","blue",2,"0.3",0.5,,,,,,,,,,,,,,,,,,,,,,,,,,,,
1,1300,2008,"1",-1,21,"black","blue",2,"0.3",0.5,,,,,,,,,,,,,,,,,,,,,,,,,,,,
1,415000,2008,"1",-1,21,"black","blue",2,"0.3",0.5,,,,,,,,,,,,,,,,,,,,,,,,,,,,
1,74000,2009,"1",-1,21,"black","blue",2,"0.3",0.5,,,,,,,,,,,,,,,,,,,,,,,,,,,,
1,415000,2009,"1",-1,21,"black","blue",2,"0.3",0.5,,,,,,,,,,,,,,,,,,,,,,,,,,,,
1,1400000,2011,"1",-1,21,"black","blue",2,"0.3",0.5,,,,,,,,,,,,,,,,,,,,,,,,,,,,
1,3e+06,2012,"1",-1,21,"black","blue",2,"0.3",0.5,,,,,,,,,,,,,,,,,,,,,,,,,,,,
1,3e+06,2013,"1",-1,21,"black","blue",2,"0.3",0.5,,,,,,,,,,,,,,,,,,,,,,,,,,,,
1,625000,2013,"1",-1,21,"black","blue",2,"0.3",0.5,,,,,,,,,,,,,,,,,,,,,,,,,,,,
1,1500000,2014,"1",-1,21,"black","blue",2,"0.3",0.5,,,,,,,,,,,,,,,,,,,,,,,,,,,,
1,3e+06,2015,"1",-1,21,"black","blue",2,"0.3",0.5,,,,,,,,,,,,,,,,,,,,,,,,,,,,
1,1700000,2018,"1",-1,21,"black","blue",2,"0.3",0.5,,,,,,,,,,,,,,,,,,,,,,,,,,,,
1,20000,2019,"1",-1,21,"black","blue",2,"0.3",0.5,,,,,,,,,,,,,,,,,,,,,,,,,,,,
2,-312594.704701579,1731,"1",-1,,"#CBC3E3","#999999FF",,"0.8",,"FALSE",1,1,1,,,,,,,,,,,,,,,,,,,,,,,,
2,-299989.803859456,1734.64556962025,"1",-1,,"#CBC3E3","#999999FF",,"0.8",,"FALSE",1,1,1,,,,,,,,,,,,,,,,,,,,,,,,
2,-287384.903017334,1738.29113924051,"1",-1,,"#CBC3E3","#999999FF",,"0.8",,"FALSE",1,1,1,,,,,,,,,,,,,,,,,,,,,,,,
2,-274780.002175212,1741.93670886076,"1",-1,,"#CBC3E3","#999999FF",,"0.8",,"FALSE",1,1,1,,,,,,,,,,,,,,,,,,,,,,,,
2,-262175.101333088,1745.58227848101,"1",-1,,"#CBC3E3","#999999FF",,"0.8",,"FALSE",1,1,1,,,,,,,,,,,,,,,,,,,,,,,,
2,-249570.200490966,1749.22784810127,"1",-1,,"#CBC3E3","#999999FF",,"0.8",,"FALSE",1,1,1,,,,,,,,,,,,,,,,,,,,,,,,
2,-236965.299648843,1752.87341772152,"1",-1,,"#CBC3E3","#999999FF",,"0.8",,"FALSE",1,1,1,,,,,,,,,,,,,,,,,,,,,,,,
2,-224360.398806721,1756.51898734177,"1",-1,,"#CBC3E3","#999999FF",,"0.8",,"FALSE",1,1,1,,,,,,,,,,,,,,,,,,,,,,,,
2,-211755.497964598,1760.16455696203,"1",-1,,"#CBC3E3","#999999FF",,"0.8",,"FALSE",1,1,1,,,,,,,,,,,,,,,,,,,,,,,,
2,-199150.597122476,1763.81012658228,"1",-1,,"#CBC3E3","#999999FF",,"0.8",,"FALSE",1,1,1,,,,,,,,,,,,,,,,,,,,,,,,
2,-186545.696280352,1767.45569620253,"1",-1,,"#CBC3E3","#999999FF",,"0.8",,"FALSE",1,1,1,,,,,,,,,,,,,,,,,,,,,,,,
2,-173940.79543823,1771.10126582278,"1",-1,,"#CBC3E3","#999999FF",,"0.8",,"FALSE",1,1,1,,,,,,,,,,,,,,,,,,,,,,,,
2,-161335.894596107,1774.74683544304,"1",-1,,"#CBC3E3","#999999FF",,"0.8",,"FALSE",1,1,1,,,,,,,,,,,,,,,,,,,,,,,,
2,-148730.993753985,1778.39240506329,"1",-1,,"#CBC3E3","#999999FF",,"0.8",,"FALSE",1,1,1,,,,,,,,,,,,,,,,,,,,,,,,
2,-136126.092911862,1782.03797468354,"1",-1,,"#CBC3E3","#999999FF",,"0.8",,"FALSE",1,1,1,,,,,,,,,,,,,,,,,,,,,,,,
2,-123521.19206974,1785.6835443038,"1",-1,,"#CBC3E3","#999999FF",,"0.8",,"FALSE",1,1,1,,,,,,,,,,,,,,,,,,,,,,,,
2,-110916.291227616,1789.32911392405,"1",-1,,"#CBC3E3","#999999FF",,"0.8",,"FALSE",1,1,1,,,,,,,,,,,,,,,,,,,,,,,,
2,-98311.3903854936,1792.9746835443,"1",-1,,"#CBC3E3","#999999FF",,"0.8",,"FALSE",1,1,1,,,,,,,,,,,,,,,,,,,,,,,,
2,-85706.4895433709,1796.62025316456,"1",-1,,"#CBC3E3","#999999FF",,"0.8",,"FALSE",1,1,1,,,,,,,,,,,,,,,,,,,,,,,,
2,-73101.5887012491,1800.26582278481,"1",-1,,"#CBC3E3","#999999FF",,"0.8",,"FALSE",1,1,1,,,,,,,,,,,,,,,,,,,,,,,,
2,-60496.6878591264,1803.91139240506,"1",-1,,"#CBC3E3","#999999FF",,"0.8",,"FALSE",1,1,1,,,,,,,,,,,,,,,,,,,,,,,,
2,-47891.7870170036,1807.55696202532,"1",-1,,"#CBC3E3","#999999FF",,"0.8",,"FALSE",1,1,1,,,,,,,,,,,,,,,,,,,,,,,,
2,-35286.88617488,1811.20253164557,"1",-1,,"#CBC3E3","#999999FF",,"0.8",,"FALSE",1,1,1,,,,,,,,,,,,,,,,,,,,,,,,
2,-22681.9853327582,1814.84810126582,"1",-1,,"#CBC3E3","#999999FF",,"0.8",,"FALSE",1,1,1,,,,,,,,,,,,,,,,,,,,,,,,
2,-10077.0844906354,1818.49367088608,"1",-1,,"#CBC3E3","#999999FF",,"0.8",,"FALSE",1,1,1,,,,,,,,,,,,,,,,,,,,,,,,
2,2527.8163514873,1822.13924050633,"1",-1,,"#CBC3E3","#999999FF",,"0.8",,"FALSE",1,1,1,,,,,,,,,,,,,,,,,,,,,,,,
2,15132.71719361,1825.78481012658,"1",-1,,"#CBC3E3","#999999FF",,"0.8",,"FALSE",1,1,1,,,,,,,,,,,,,,,,,,,,,,,,
2,27737.6180357328,1829.43037974684,"1",-1,,"#CBC3E3","#999999FF",,"0.8",,"FALSE",1,1,1,,,,,,,,,,,,,,,,,,,,,,,,
2,40342.5188778555,1833.07594936709,"1",-1,,"#CBC3E3","#999999FF",,"0.8",,"FALSE",1,1,1,,,,,,,,,,,,,,,,,,,,,,,,
2,52947.4197199782,1836.72151898734,"1",-1,,"#CBC3E3","#999999FF",,"0.8",,"FALSE",1,1,1,,,,,,,,,,,,,,,,,,,,,,,,
2,65552.320562101,1840.36708860759,"1",-1,,"#CBC3E3","#999999FF",,"0.8",,"FALSE",1,1,1,,,,,,,,,,,,,,,,,,,,,,,,
2,78157.2214042237,1844.01265822785,"1",-1,,"#CBC3E3","#999999FF",,"0.8",,"FALSE",1,1,1,,,,,,,,,,,,,,,,,,,,,,,,
2,90762.1222463455,1847.6582278481,"1",-1,,"#CBC3E3","#999999FF",,"0.8",,"FALSE",1,1,1,,,,,,,,,,,,,,,,,,,,,,,,
2,103367.023088468,1851.30379746835,"1",-1,,"#CBC3E3","#999999FF",,"0.8",,"FALSE",1,1,1,,,,,,,,,,,,,,,,,,,,,,,,
2,115971.923930592,1854.94936708861,"1",-1,,"#CBC3E3","#999999FF",,"0.8",,"FALSE",1,1,1,,,,,,,,,,,,,,,,,,,,,,,,
2,128576.824772715,1858.59493670886,"1",-1,,"#CBC3E3","#999999FF",,"0.8",,"FALSE",1,1,1,,,,,,,,,,,,,,,,,,,,,,,,
2,141181.725614836,1862.24050632911,"1",-1,,"#CBC3E3","#999999FF",,"0.8",,"FALSE",1,1,1,,,,,,,,,,,,,,,,,,,,,,,,
2,153786.626456959,1865.88607594937,"1",-1,,"#CBC3E3","#999999FF",,"0.8",,"FALSE",1,1,1,,,,,,,,,,,,,,,,,,,,,,,,
2,166391.527299082,1869.53164556962,"1",-1,,"#CBC3E3","#999999FF",,"0.8",,"FALSE",1,1,1,,,,,,,,,,,,,,,,,,,,,,,,
2,178996.428141205,1873.17721518987,"1",-1,,"#CBC3E3","#999999FF",,"0.8",,"FALSE",1,1,1,,,,,,,,,,,,,,,,,,,,,,,,
2,191601.328983327,1876.82278481013,"1",-1,,"#CBC3E3","#999999FF",,"0.8",,"FALSE",1,1,1,,,,,,,,,,,,,,,,,,,,,,,,
2,204206.22982545,1880.46835443038,"1",-1,,"#CBC3E3","#999999FF",,"0.8",,"FALSE",1,1,1,,,,,,,,,,,,,,,,,,,,,,,,
2,216811.130667573,1884.11392405063,"1",-1,,"#CBC3E3","#999999FF",,"0.8",,"FALSE",1,1,1,,,,,,,,,,,,,,,,,,,,,,,,
2,229416.031509696,1887.75949367089,"1",-1,,"#CBC3E3","#999999FF",,"0.8",,"FALSE",1,1,1,,,,,,,,,,,,,,,,,,,,,,,,
2,242020.932351818,1891.40506329114,"1",-1,,"#CBC3E3","#999999FF",,"0.8",,"FALSE",1,1,1,,,,,,,,,,,,,,,,,,,,,,,,
2,254625.83319394,1895.05063291139,"1",-1,,"#CBC3E3","#999999FF",,"0.8",,"FALSE",1,1,1,,,,,,,,,,,,,,,,,,,,,,,,
2,267230.734036064,1898.69620253165,"1",-1,,"#CBC3E3","#999999FF",,"0.8",,"FALSE",1,1,1,,,,,,,,,,,,,,,,,,,,,,,,
2,279835.634878187,1902.3417721519,"1",-1,,"#CBC3E3","#999999FF",,"0.8",,"FALSE",1,1,1,,,,,,,,,,,,,,,,,,,,,,,,
2,292440.535720309,1905.98734177215,"1",-1,,"#CBC3E3","#999999FF",,"0.8",,"FALSE",1,1,1,,,,,,,,,,,,,,,,,,,,,,,,
2,305045.436562431,1909.63291139241,"1",-1,,"#CBC3E3","#999999FF",,"0.8",,"FALSE",1,1,1,,,,,,,,,,,,,,,,,,,,,,,,
2,317650.337404554,1913.27848101266,"1",-1,,"#CBC3E3","#999999FF",,"0.8",,"FALSE",1,1,1,,,,,,,,,,,,,,,,,,,,,,,,
2,330255.238246677,1916.92405063291,"1",-1,,"#CBC3E3","#999999FF",,"0.8",,"FALSE",1,1,1,,,,,,,,,,,,,,,,,,,,,,,,
2,342860.139088799,1920.56962025316,"1",-1,,"#CBC3E3","#999999FF",,"0.8",,"FALSE",1,1,1,,,,,,,,,,,,,,,,,,,,,,,,
2,355465.039930922,1924.21518987342,"1",-1,,"#CBC3E3","#999999FF",,"0.8",,"FALSE",1,1,1,,,,,,,,,,,,,,,,,,,,,,,,
2,368069.940773045,1927.86075949367,"1",-1,,"#CBC3E3","#999999FF",,"0.8",,"FALSE",1,1,1,,,,,,,,,,,,,,,,,,,,,,,,
2,380674.841615167,1931.50632911392,"1",-1,,"#CBC3E3","#999999FF",,"0.8",,"FALSE",1,1,1,,,,,,,,,,,,,,,,,,,,,,,,
2,393279.74245729,1935.15189873418,"1",-1,,"#CBC3E3","#999999FF",,"0.8",,"FALSE",1,1,1,,,,,,,,,,,,,,,,,,,,,,,,
2,405884.643299413,1938.79746835443,"1",-1,,"#CBC3E3","#999999FF",,"0.8",,"FALSE",1,1,1,,,,,,,,,,,,,,,,,,,,,,,,
2,418489.544141536,1942.44303797468,"1",-1,,"#CBC3E3","#999999FF",,"0.8",,"FALSE",1,1,1,,,,,,,,,,,,,,,,,,,,,,,,
2,431094.444983658,1946.08860759494,"1",-1,,"#CBC3E3","#999999FF",,"0.8",,"FALSE",1,1,1,,,,,,,,,,,,,,,,,,,,,,,,
2,443699.345825781,1949.73417721519,"1",-1,,"#CBC3E3","#999999FF",,"0.8",,"FALSE",1,1,1,,,,,,,,,,,,,,,,,,,,,,,,
2,456304.246667904,1953.37974683544,"1",-1,,"#CBC3E3","#999999FF",,"0.8",,"FALSE",1,1,1,,,,,,,,,,,,,,,,,,,,,,,,
2,468909.147510026,1957.0253164557,"1",-1,,"#CBC3E3","#999999FF",,"0.8",,"FALSE",1,1,1,,,,,,,,,,,,,,,,,,,,,,,,
2,481514.048352148,1960.67088607595,"1",-1,,"#CBC3E3","#999999FF",,"0.8",,"FALSE",1,1,1,,,,,,,,,,,,,,,,,,,,,,,,
2,494118.949194271,1964.3164556962,"1",-1,,"#CBC3E3","#999999FF",,"0.8",,"FALSE",1,1,1,,,,,,,,,,,,,,,,,,,,,,,,
2,506723.850036395,1967.96202531646,"1",-1,,"#CBC3E3","#999999FF",,"0.8",,"FALSE",1,1,1,,,,,,,,,,,,,,,,,,,,,,,,
2,519328.750878517,1971.60759493671,"1",-1,,"#CBC3E3","#999999FF",,"0.8",,"FALSE",1,1,1,,,,,,,,,,,,,,,,,,,,,,,,
2,531933.651720639,1975.25316455696,"1",-1,,"#CBC3E3","#999999FF",,"0.8",,"FALSE",1,1,1,,,,,,,,,,,,,,,,,,,,,,,,
2,544538.552562762,1978.89873417722,"1",-1,,"#CBC3E3","#999999FF",,"0.8",,"FALSE",1,1,1,,,,,,,,,,,,,,,,,,,,,,,,
2,557143.453404885,1982.54430379747,"1",-1,,"#CBC3E3","#999999FF",,"0.8",,"FALSE",1,1,1,,,,,,,,,,,,,,,,,,,,,,,,
2,569748.354247008,1986.18987341772,"1",-1,,"#CBC3E3","#999999FF",,"0.8",,"FALSE",1,1,1,,,,,,,,,,,,,,,,,,,,,,,,
2,582353.25508913,1989.83544303797,"1",-1,,"#CBC3E3","#999999FF",,"0.8",,"FALSE",1,1,1,,,,,,,,,,,,,,,,,,,,,,,,
2,594958.155931253,1993.48101265823,"1",-1,,"#CBC3E3","#999999FF",,"0.8",,"FALSE",1,1,1,,,,,,,,,,,,,,,,,,,,,,,,
2,607563.056773376,1997.12658227848,"1",-1,,"#CBC3E3","#999999FF",,"0.8",,"FALSE",1,1,1,,,,,,,,,,,,,,,,,,,,,,,,
2,620167.957615498,2000.77215189873,"1",-1,,"#CBC3E3","#999999FF",,"0.8",,"FALSE",1,1,1,,,,,,,,,,,,,,,,,,,,,,,,
2,632772.85845762,2004.41772151899,"1",-1,,"#CBC3E3","#999999FF",,"0.8",,"FALSE",1,1,1,,,,,,,,,,,,,,,,,,,,,,,,
2,645377.759299743,2008.06329113924,"1",-1,,"#CBC3E3","#999999FF",,"0.8",,"FALSE",1,1,1,,,,,,,,,,,,,,,,,,,,,,,,
2,657982.660141867,2011.70886075949,"1",-1,,"#CBC3E3","#999999FF",,"0.8",,"FALSE",1,1,1,,,,,,,,,,,,,,,,,,,,,,,,
2,670587.560983989,2015.35443037975,"1",-1,,"#CBC3E3","#999999FF",,"0.8",,"FALSE",1,1,1,,,,,,,,,,,,,,,,,,,,,,,,
2,683192.461826111,2019,"1",-1,,"#CBC3E3","#999999FF",,"0.8",,"FALSE",1,1,1,,,,,,,,,,,,,,,,,,,,,,,,
3,33000,1731,"1",-1,,"black","#FFFFFFB2",2.5,,,,,,,"Copley Medal",1,,1731.5,33000,0,"",1,1.2,0.5,0.5,1,1,0.5,0,90,1,0.5,"TRUE",1,"FALSE","FALSE","grey50",0.8
3,1e+06,1901,"1",-1,,"black","#FFFFFFB2",2.5,,,,,,,"Nobel Prize in Physics",1,1900.5,1901.5,1e+06,0,"",1,1.2,0.5,0.5,1,1,0.5,0,90,1,0.5,"TRUE",1,"FALSE","FALSE","grey50",0.8
3,1e+06,1901,"1",-1,,"black","#FFFFFFB2",2.5,,,,,,,"Nobel Prize in Chemistry",1,1900.5,1901.5,1e+06,0,"",1,1.2,0.5,0.5,1,1,0.5,0,90,1,0.5,"TRUE",1,"FALSE","FALSE","grey50",0.8
3,44000,1936,"1",-1,,"black","#FFFFFFB2",2.5,,,,,,,"Fields Medal",1,1935.5,1936.5,44000,0,"",1,1.2,0.5,0.5,1,1,0.5,0,90,1,0.5,"TRUE",1,"FALSE","FALSE","grey50",0.8
3,1e+06,1966,"1",-1,,"black","#FFFFFFB2",2.5,,,,,,,"A. M. Turing Award",1,1965.5,1966.5,1e+06,0,"",1,1.2,0.5,0.5,1,1,0.5,0,90,1,0.5,"TRUE",1,"FALSE","FALSE","grey50",0.8
3,3e+06,2012,"1",-1,,"black","#FFFFFFB2",2.5,,,,,,,"Breakthrough Prize in Fundamental Physics",1,2011.5,2012.5,3e+06,0,"",1,1.2,0.5,0.5,1,1,0.5,0,90,1,0.5,"TRUE",1,"FALSE","FALSE","grey50",0.8
3,625000,2013,"1",-1,,"black","#FFFFFFB2",2.5,,,,,,,"Queen Elizabeth Prize for Engineering",1,2012.5,2013.5,625000,0,"",1,1.2,0.5,0.5,1,1,0.5,0,90,1,0.5,"TRUE",1,"FALSE","FALSE","grey50",0.8
3,1700000,2018,"1",-1,,"black","#FFFFFFB2",2.5,,,,,,,"Max Planck-Humboldt Research Award",1,2017.5,2018.5,1700000,0,"",1,1.2,0.5,0.5,1,1,0.5,0,90,1,0.5,"TRUE",1,"FALSE","FALSE","grey50",0.8
4,2e+05,1830,"1",-1,,"#CBC3E3",,2.5,,,,,,,"Linear Fit",,,,,0,"",1,1.2,0,0.5,,,,,,,,,,,,,
