"layer","x","y","PANEL","group","shape","colour","fill","size","alpha","stroke","flipped_aes","linewidth","linetype","weight","label","order","xmin","xmax","ymax","angle","family","fontface","lineheight","hjust","vjust","point.size","segment.linetype","segment.size","segment.curvature","segment.angle","segment.ncp","segment.shape","segment.square","segment.squareShape","segment.inflect","segment.debug","segment.colour","segment.alpha","xend","yend","nudge_x","nudge_y","yintercept"
1,1731,0.46,"1",-1,21,"black","blue",2,"0.5",0.5,,,,,,,,,,,,,,,,,,,,,,,,,,,,,,,,,
1,1824,0.64,"1",-1,21,"black","blue",2,"0.5",0.5,,,,,,,,,,,,,,,,,,,,,,,,,,,,,,,,,
1,1824,0.47,"1",-1,21,"black","blue",2,"0.5",0.5,,,,,,,,,,,,,,,,,,,,,,,,,,,,,,,,,
1,1824,0.58,"1",-1,21,"black","blue",2,"0.5",0.5,,,,,,,,,,,,,,,,,,,,,,,,,,,,,,,,,
1,1824,0.39,"1",-1,21,"black","blue",2,"0.5",0.5,,,,,,,,,,,,,,,,,,,,,,,,,,,,,,,,,
1,1824,0.37,"1",-1,21,"black","blue",2,"0.5",0.5,,,,,,,,,,,,,,,,,,,,,,,,,,,,,,,,,
1,1824,0.5,"1",-1,21,"black","blue",2,"0.5",0.5,,,,,,,,,,,,,,,,,,,,,,,,,,,,,,,,,
1,1869,0.51,"1",-1,21,"black","blue",2,"0.5",0.5,,,,,,,,,,,,,,,,,,,,,,,,,,,,,,,,,
1,1887,0.48,"1",-1,21,"black","blue",2,"0.5",0.5,,,,,,,,,,,,,,,,,,,,,,,,,,,,,,,,,
1,1898,0.58,"1",-1,21,"black","blue",2,"0.5",0.5,,,,,,,,,,,,,,,,,,,,,,,,,,,,,,,,,
1,1901,1,"1",-1,21,"black","blue",2,"0.5",0.5,,,,,,,,,,,,,,,,,,,,,,,,,,,,,,,,,
1,1901,1,"1",-1,21,"black","blue",2,"0.5",0.5,,,,,,,,,,,,,,,,,,,,,,,,,,,,,,,,,
1,1901,1,"1",-1,21,"black","blue",2,"0.5",0.5,,,,,,,,,,,,,,,,,,,,,,,,,,,,,,,,,
1,1917,0.68,"1",-1,21,"black","blue",2,"0.5",0.5,,,,,,,,,,,,,,,,,,,,,,,,,,,,,,,,,
1,1925,0.54,"1",-1,21,"black","blue",2,"0.5",0.5,,,,,,,,,,,,,,,,,,,,,,,,,,,,,,,,,
1,1936,0.95,"1",-1,21,"black","blue",2,"0.5",0.5,,,,,,,,,,,,,,,,,,,,,,,,,,,,,,,,,
1,1946,0.6,"1",-1,21,"black","blue",2,"0.5",0.5,,,,,,,,,,,,,,,,,,,,,,,,,,,,,,,,,
1,1952,0.44,"1",-1,21,"black","blue",2,"0.5",0.5,,,,,,,,,,,,,,,,,,,,,,,,,,,,,,,,,
1,1957,0.59,"1",-1,21,"black","blue",2,"0.5",0.5,,,,,,,,,,,,,,,,,,,,,,,,,,,,,,,,,
1,1959,0.6,"1",-1,21,"black","blue",2,"0.5",0.5,,,,,,,,,,,,,,,,,,,,,,,,,,,,,,,,,
1,1960,0.72,"1",-1,21,"black","blue",2,"0.5",0.5,,,,,,,,,,,,,,,,,,,,,,,,,,,,,,,,,
1,1960,0.62,"1",-1,21,"black","blue",2,"0.5",0.5,,,,,,,,,,,,,,,,,,,,,,,,,,,,,,,,,
1,1961,0.47,"1",-1,21,"black","blue",2,"0.5",0.5,,,,,,,,,,,,,,,,,,,,,,,,,,,,,,,,,
1,1964,0.41,"1",-1,21,"black","blue",2,"0.5",0.5,,,,,,,,,,,,,,,,,,,,,,,,,,,,,,,,,
1,1966,0.82,"1",-1,21,"black","blue",2,"0.5",0.5,,,,,,,,,,,,,,,,,,,,,,,,,,,,,,,,,
1,1967,0.43,"1",-1,21,"black","blue",2,"0.5",0.5,,,,,,,,,,,,,,,,,,,,,,,,,,,,,,,,,
1,1969,1,"1",-1,21,"black","blue",2,"0.5",0.5,,,,,,,,,,,,,,,,,,,,,,,,,,,,,,,,,
1,1970,0.49,"1",-1,21,"black","blue",2,"0.5",0.5,,,,,,,,,,,,,,,,,,,,,,,,,,,,,,,,,
1,1972,0.4,"1",-1,21,"black","blue",2,"0.5",0.5,,,,,,,,,,,,,,,,,,,,,,,,,,,,,,,,,
1,1972,0.57,"1",-1,21,"black","blue",2,"0.5",0.5,,,,,,,,,,,,,,,,,,,,,,,,,,,,,,,,,
1,1974,0.75,"1",-1,21,"black","blue",2,"0.5",0.5,,,,,,,,,,,,,,,,,,,,,,,,,,,,,,,,,
1,1976,0.68,"1",-1,21,"black","blue",2,"0.5",0.5,,,,,,,,,,,,,,,,,,,,,,,,,,,,,,,,,
1,1976,0.5,"1",-1,21,"black","blue",2,"0.5",0.5,,,,,,,,,,,,,,,,,,,,,,,,,,,,,,,,,
1,1978,0.72,"1",-1,21,"black","blue",2,"0.5",0.5,,,,,,,,,,,,,,,,,,,,,,,,,,,,,,,,,
1,1978,0.84,"1",-1,21,"black","blue",2,"0.5",0.5,,,,,,,,,,,,,,,,,,,,,,,,,,,,,,,,,
1,1978,0.74,"1",-1,21,"black","blue",2,"0.5",0.5,,,,,,,,,,,,,,,,,,,,,,,,,,,,,,,,,
1,1978,0.56,"1",-1,21,"black","blue",2,"0.5",0.5,,,,,,,,,,,,,,,,,,,,,,,,,,,,,,,,,
1,1980,0.52,"1",-1,21,"black","blue",2,"0.5",0.5,,,,,,,,,,,,,,,,,,,,,,,,,,,,,,,,,
1,1981,0.5,"1",-1,21,"black","blue",2,"0.5",0.5,,,,,,,,,,,,,,,,,,,,,,,,,,,,,,,,,
1,1982,0.85,"1",-1,21,"black","blue",2,"0.5",0.5,,,,,,,,,,,,,,,,,,,,,,,,,,,,,,,,,
1,1982,0.77,"1",-1,21,"black","blue",2,"0.5",0.5,,,,,,,,,,,,,,,,,,,,,,,,,,,,,,,,,
1,1982,0.78,"1",-1,21,"black","blue",2,"0.5",0.5,,,,,,,,,,,,,,,,,,,,,,,,,,,,,,,,,
1,1984,0.51,"1",-1,21,"black","blue",2,"0.5",0.5,,,,,,,,,,,,,,,,,,,,,,,,,,,,,,,,,
1,1984,0.5,"1",-1,21,"black","blue",2,"0.5",0.5,,,,,,,,,,,,,,,,,,,,,,,,,,,,,,,,,
1,1985,0.66,"1",-1,21,"black","blue",2,"0.5",0.5,,,,,,,,,,,,,,,,,,,,,,,,,,,,,,,,,
1,1985,0.66,"1",-1,21,"black","blue",2,"0.5",0.5,,,,,,,,,,,,,,,,,,,,,,,,,,,,,,,,,
1,1985,0.63,"1",-1,21,"black","blue",2,"0.5",0.5,,,,,,,,,,,,,,,,,,,,,,,,,,,,,,,,,
1,1989,0.56,"1",-1,21,"black","blue",2,"0.5",0.5,,,,,,,,,,,,,,,,,,,,,,,,,,,,,,,,,
1,1989,0.44,"1",-1,21,"black","blue",2,"0.5",0.5,,,,,,,,,,,,,,,,,,,,,,,,,,,,,,,,,
1,1990,0.72,"1",-1,21,"black","blue",2,"0.5",0.5,,,,,,,,,,,,,,,,,,,,,,,,,,,,,,,,,
1,1990,0.55,"1",-1,21,"black","blue",2,"0.5",0.5,,,,,,,,,,,,,,,,,,,,,,,,,,,,,,,,,
1,1991,0.69,"1",-1,21,"black","blue",2,"0.5",0.5,,,,,,,,,,,,,,,,,,,,,,,,,,,,,,,,,
1,1993,0.52,"1",-1,21,"black","blue",2,"0.5",0.5,,,,,,,,,,,,,,,,,,,,,,,,,,,,,,,,,
1,1994,0.52,"1",-1,21,"black","blue",2,"0.5",0.5,,,,,,,,,,,,,,,,,,,,,,,,,,,,,,,,,
1,2000,0.3,"1",-1,21,"black","blue",2,"0.5",0.5,,,,,,,,,,,,,,,,,,,,,,,,,,,,,,,,,
1,2003,0.97,"1",-1,21,"black","blue",2,"0.5",0.5,,,,,,,,,,,,,,,,,,,,,,,,,,,,,,,,,
1,2004,0.77,"1",-1,21,"black","blue",2,"0.5",0.5,,,,,,,,,,,,,,,,,,,,,,,,,,,,,,,,,
1,2004,0.5,"1",-1,21,"black","blue",2,"0.5",0.5,,,,,,,,,,,,,,,,,,,,,,,,,,,,,,,,,
1,2004,0.7,"1",-1,21,"black","blue",2,"0.5",0.5,,,,,,,,,,,,,,,,,,,,,,,,,,,,,,,,,
1,2004,0.6,"1",-1,21,"black","blue",2,"0.5",0.5,,,,,,,,,,,,,,,,,,,,,,,,,,,,,,,,,
1,2006,0.51,"1",-1,21,"black","blue",2,"0.5",0.5,,,,,,,,,,,,,,,,,,,,,,,,,,,,,,,,,
1,2008,0.55,"1",-1,21,"black","blue",2,"0.5",0.5,,,,,,,,,,,,,,,,,,,,,,,,,,,,,,,,,
1,2008,0.72,"1",-1,21,"black","blue",2,"0.5",0.5,,,,,,,,,,,,,,,,,,,,,,,,,,,,,,,,,
1,2008,0.62,"1",-1,21,"black","blue",2,"0.5",0.5,,,,,,,,,,,,,,,,,,,,,,,,,,,,,,,,,
1,2008,0.55,"1",-1,21,"black","blue",2,"0.5",0.5,,,,,,,,,,,,,,,,,,,,,,,,,,,,,,,,,
1,2008,0.59,"1",-1,21,"black","blue",2,"0.5",0.5,,,,,,,,,,,,,,,,,,,,,,,,,,,,,,,,,
1,2008,0.61,"1",-1,21,"black","blue",2,"0.5",0.5,,,,,,,,,,,,,,,,,,,,,,,,,,,,,,,,,
1,2008,0.57,"1",-1,21,"black","blue",2,"0.5",0.5,,,,,,,,,,,,,,,,,,,,,,,,,,,,,,,,,
1,2008,0.44,"1",-1,21,"black","blue",2,"0.5",0.5,,,,,,,,,,,,,,,,,,,,,,,,,,,,,,,,,
1,2009,0.58,"1",-1,21,"black","blue",2,"0.5",0.5,,,,,,,,,,,,,,,,,,,,,,,,,,,,,,,,,
1,2012,0.55,"1",-1,21,"black","blue",2,"0.5",0.5,,,,,,,,,,,,,,,,,,,,,,,,,,,,,,,,,
1,2013,0.39,"1",-1,21,"black","blue",2,"0.5",0.5,,,,,,,,,,,,,,,,,,,,,,,,,,,,,,,,,
1,2013,0.51,"1",-1,21,"black","blue",2,"0.5",0.5,,,,,,,,,,,,,,,,,,,,,,,,,,,,,,,,,
1,2018,0.5,"1",-1,21,"black","blue",2,"0.5",0.5,,,,,,,,,,,,,,,,,,,,,,,,,,,,,,,,,
1,2019,0.53,"1",-1,21,"black","blue",2,"0.5",0.5,,,,,,,,,,,,,,,,,,,,,,,,,,,,,,,,,
2,1731,0.570763378146827,"1",-1,,"#CBC3E3","#999999FF",,"0.2",,"FALSE",0.5,"1",1,,,,,,,,,,,,,,,,,,,,,,,,,,,,,
2,1734.64556962025,0.571341345201822,"1",-1,,"#CBC3E3","#999999FF",,"0.2",,"FALSE",0.5,"1",1,,,,,,,,,,,,,,,,,,,,,,,,,,,,,
2,1738.29113924051,0.571919312256816,"1",-1,,"#CBC3E3","#999999FF",,"0.2",,"FALSE",0.5,"1",1,,,,,,,,,,,,,,,,,,,,,,,,,,,,,
2,1741.93670886076,0.572497279311811,"1",-1,,"#CBC3E3","#999999FF",,"0.2",,"FALSE",0.5,"1",1,,,,,,,,,,,,,,,,,,,,,,,,,,,,,
2,1745.58227848101,0.573075246366806,"1",-1,,"#CBC3E3","#999999FF",,"0.2",,"FALSE",0.5,"1",1,,,,,,,,,,,,,,,,,,,,,,,,,,,,,
2,1749.22784810127,0.5736532134218,"1",-1,,"#CBC3E3","#999999FF",,"0.2",,"FALSE",0.5,"1",1,,,,,,,,,,,,,,,,,,,,,,,,,,,,,
2,1752.87341772152,0.574231180476795,"1",-1,,"#CBC3E3","#999999FF",,"0.2",,"FALSE",0.5,"1",1,,,,,,,,,,,,,,,,,,,,,,,,,,,,,
2,1756.51898734177,0.57480914753179,"1",-1,,"#CBC3E3","#999999FF",,"0.2",,"FALSE",0.5,"1",1,,,,,,,,,,,,,,,,,,,,,,,,,,,,,
2,1760.16455696203,0.575387114586784,"1",-1,,"#CBC3E3","#999999FF",,"0.2",,"FALSE",0.5,"1",1,,,,,,,,,,,,,,,,,,,,,,,,,,,,,
2,1763.81012658228,0.575965081641779,"1",-1,,"#CBC3E3","#999999FF",,"0.2",,"FALSE",0.5,"1",1,,,,,,,,,,,,,,,,,,,,,,,,,,,,,
2,1767.45569620253,0.576543048696774,"1",-1,,"#CBC3E3","#999999FF",,"0.2",,"FALSE",0.5,"1",1,,,,,,,,,,,,,,,,,,,,,,,,,,,,,
2,1771.10126582278,0.577121015751769,"1",-1,,"#CBC3E3","#999999FF",,"0.2",,"FALSE",0.5,"1",1,,,,,,,,,,,,,,,,,,,,,,,,,,,,,
2,1774.74683544304,0.577698982806763,"1",-1,,"#CBC3E3","#999999FF",,"0.2",,"FALSE",0.5,"1",1,,,,,,,,,,,,,,,,,,,,,,,,,,,,,
2,1778.39240506329,0.578276949861758,"1",-1,,"#CBC3E3","#999999FF",,"0.2",,"FALSE",0.5,"1",1,,,,,,,,,,,,,,,,,,,,,,,,,,,,,
2,1782.03797468354,0.578854916916753,"1",-1,,"#CBC3E3","#999999FF",,"0.2",,"FALSE",0.5,"1",1,,,,,,,,,,,,,,,,,,,,,,,,,,,,,
2,1785.6835443038,0.579432883971747,"1",-1,,"#CBC3E3","#999999FF",,"0.2",,"FALSE",0.5,"1",1,,,,,,,,,,,,,,,,,,,,,,,,,,,,,
2,1789.32911392405,0.580010851026742,"1",-1,,"#CBC3E3","#999999FF",,"0.2",,"FALSE",0.5,"1",1,,,,,,,,,,,,,,,,,,,,,,,,,,,,,
2,1792.9746835443,0.580588818081737,"1",-1,,"#CBC3E3","#999999FF",,"0.2",,"FALSE",0.5,"1",1,,,,,,,,,,,,,,,,,,,,,,,,,,,,,
2,1796.62025316456,0.581166785136731,"1",-1,,"#CBC3E3","#999999FF",,"0.2",,"FALSE",0.5,"1",1,,,,,,,,,,,,,,,,,,,,,,,,,,,,,
2,1800.26582278481,0.581744752191726,"1",-1,,"#CBC3E3","#999999FF",,"0.2",,"FALSE",0.5,"1",1,,,,,,,,,,,,,,,,,,,,,,,,,,,,,
2,1803.91139240506,0.582322719246721,"1",-1,,"#CBC3E3","#999999FF",,"0.2",,"FALSE",0.5,"1",1,,,,,,,,,,,,,,,,,,,,,,,,,,,,,
2,1807.55696202532,0.582900686301715,"1",-1,,"#CBC3E3","#999999FF",,"0.2",,"FALSE",0.5,"1",1,,,,,,,,,,,,,,,,,,,,,,,,,,,,,
2,1811.20253164557,0.58347865335671,"1",-1,,"#CBC3E3","#999999FF",,"0.2",,"FALSE",0.5,"1",1,,,,,,,,,,,,,,,,,,,,,,,,,,,,,
2,1814.84810126582,0.584056620411705,"1",-1,,"#CBC3E3","#999999FF",,"0.2",,"FALSE",0.5,"1",1,,,,,,,,,,,,,,,,,,,,,,,,,,,,,
2,1818.49367088608,0.5846345874667,"1",-1,,"#CBC3E3","#999999FF",,"0.2",,"FALSE",0.5,"1",1,,,,,,,,,,,,,,,,,,,,,,,,,,,,,
2,1822.13924050633,0.585212554521694,"1",-1,,"#CBC3E3","#999999FF",,"0.2",,"FALSE",0.5,"1",1,,,,,,,,,,,,,,,,,,,,,,,,,,,,,
2,1825.78481012658,0.585790521576689,"1",-1,,"#CBC3E3","#999999FF",,"0.2",,"FALSE",0.5,"1",1,,,,,,,,,,,,,,,,,,,,,,,,,,,,,
2,1829.43037974684,0.586368488631684,"1",-1,,"#CBC3E3","#999999FF",,"0.2",,"FALSE",0.5,"1",1,,,,,,,,,,,,,,,,,,,,,,,,,,,,,
2,1833.07594936709,0.586946455686678,"1",-1,,"#CBC3E3","#999999FF",,"0.2",,"FALSE",0.5,"1",1,,,,,,,,,,,,,,,,,,,,,,,,,,,,,
2,1836.72151898734,0.587524422741673,"1",-1,,"#CBC3E3","#999999FF",,"0.2",,"FALSE",0.5,"1",1,,,,,,,,,,,,,,,,,,,,,,,,,,,,,
2,1840.36708860759,0.588102389796668,"1",-1,,"#CBC3E3","#999999FF",,"0.2",,"FALSE",0.5,"1",1,,,,,,,,,,,,,,,,,,,,,,,,,,,,,
2,1844.01265822785,0.588680356851663,"1",-1,,"#CBC3E3","#999999FF",,"0.2",,"FALSE",0.5,"1",1,,,,,,,,,,,,,,,,,,,,,,,,,,,,,
2,1847.6582278481,0.589258323906657,"1",-1,,"#CBC3E3","#999999FF",,"0.2",,"FALSE",0.5,"1",1,,,,,,,,,,,,,,,,,,,,,,,,,,,,,
2,1851.30379746835,0.589836290961652,"1",-1,,"#CBC3E3","#999999FF",,"0.2",,"FALSE",0.5,"1",1,,,,,,,,,,,,,,,,,,,,,,,,,,,,,
2,1854.94936708861,0.590414258016647,"1",-1,,"#CBC3E3","#999999FF",,"0.2",,"FALSE",0.5,"1",1,,,,,,,,,,,,,,,,,,,,,,,,,,,,,
2,1858.59493670886,0.590992225071641,"1",-1,,"#CBC3E3","#999999FF",,"0.2",,"FALSE",0.5,"1",1,,,,,,,,,,,,,,,,,,,,,,,,,,,,,
2,1862.24050632911,0.591570192126636,"1",-1,,"#CBC3E3","#999999FF",,"0.2",,"FALSE",0.5,"1",1,,,,,,,,,,,,,,,,,,,,,,,,,,,,,
2,1865.88607594937,0.592148159181631,"1",-1,,"#CBC3E3","#999999FF",,"0.2",,"FALSE",0.5,"1",1,,,,,,,,,,,,,,,,,,,,,,,,,,,,,
2,1869.53164556962,0.592726126236625,"1",-1,,"#CBC3E3","#999999FF",,"0.2",,"FALSE",0.5,"1",1,,,,,,,,,,,,,,,,,,,,,,,,,,,,,
2,1873.17721518987,0.59330409329162,"1",-1,,"#CBC3E3","#999999FF",,"0.2",,"FALSE",0.5,"1",1,,,,,,,,,,,,,,,,,,,,,,,,,,,,,
2,1876.82278481013,0.593882060346615,"1",-1,,"#CBC3E3","#999999FF",,"0.2",,"FALSE",0.5,"1",1,,,,,,,,,,,,,,,,,,,,,,,,,,,,,
2,1880.46835443038,0.594460027401609,"1",-1,,"#CBC3E3","#999999FF",,"0.2",,"FALSE",0.5,"1",1,,,,,,,,,,,,,,,,,,,,,,,,,,,,,
2,1884.11392405063,0.595037994456604,"1",-1,,"#CBC3E3","#999999FF",,"0.2",,"FALSE",0.5,"1",1,,,,,,,,,,,,,,,,,,,,,,,,,,,,,
2,1887.75949367089,0.595615961511599,"1",-1,,"#CBC3E3","#999999FF",,"0.2",,"FALSE",0.5,"1",1,,,,,,,,,,,,,,,,,,,,,,,,,,,,,
2,1891.40506329114,0.596193928566594,"1",-1,,"#CBC3E3","#999999FF",,"0.2",,"FALSE",0.5,"1",1,,,,,,,,,,,,,,,,,,,,,,,,,,,,,
2,1895.05063291139,0.596771895621588,"1",-1,,"#CBC3E3","#999999FF",,"0.2",,"FALSE",0.5,"1",1,,,,,,,,,,,,,,,,,,,,,,,,,,,,,
2,1898.69620253165,0.597349862676583,"1",-1,,"#CBC3E3","#999999FF",,"0.2",,"FALSE",0.5,"1",1,,,,,,,,,,,,,,,,,,,,,,,,,,,,,
2,1902.3417721519,0.597927829731578,"1",-1,,"#CBC3E3","#999999FF",,"0.2",,"FALSE",0.5,"1",1,,,,,,,,,,,,,,,,,,,,,,,,,,,,,
2,1905.98734177215,0.598505796786572,"1",-1,,"#CBC3E3","#999999FF",,"0.2",,"FALSE",0.5,"1",1,,,,,,,,,,,,,,,,,,,,,,,,,,,,,
2,1909.63291139241,0.599083763841567,"1",-1,,"#CBC3E3","#999999FF",,"0.2",,"FALSE",0.5,"1",1,,,,,,,,,,,,,,,,,,,,,,,,,,,,,
2,1913.27848101266,0.599661730896562,"1",-1,,"#CBC3E3","#999999FF",,"0.2",,"FALSE",0.5,"1",1,,,,,,,,,,,,,,,,,,,,,,,,,,,,,
2,1916.92405063291,0.600239697951556,"1",-1,,"#CBC3E3","#999999FF",,"0.2",,"FALSE",0.5,"1",1,,,,,,,,,,,,,,,,,,,,,,,,,,,,,
2,1920.56962025316,0.600817665006551,"1",-1,,"#CBC3E3","#999999FF",,"0.2",,"FALSE",0.5,"1",1,,,,,,,,,,,,,,,,,,,,,,,,,,,,,
2,1924.21518987342,0.601395632061546,"1",-1,,"#CBC3E3","#999999FF",,"0.2",,"FALSE",0.5,"1",1,,,,,,,,,,,,,,,,,,,,,,,,,,,,,
2,1927.86075949367,0.60197359911654,"1",-1,,"#CBC3E3","#999999FF",,"0.2",,"FALSE",0.5,"1",1,,,,,,,,,,,,,,,,,,,,,,,,,,,,,
2,1931.50632911392,0.602551566171535,"1",-1,,"#CBC3E3","#999999FF",,"0.2",,"FALSE",0.5,"1",1,,,,,,,,,,,,,,,,,,,,,,,,,,,,,
2,1935.15189873418,0.60312953322653,"1",-1,,"#CBC3E3","#999999FF",,"0.2",,"FALSE",0.5,"1",1,,,,,,,,,,,,,,,,,,,,,,,,,,,,,
2,1938.79746835443,0.603707500281525,"1",-1,,"#CBC3E3","#999999FF",,"0.2",,"FALSE",0.5,"1",1,,,,,,,,,,,,,,,,,,,,,,,,,,,,,
2,1942.44303797468,0.604285467336519,"1",-1,,"#CBC3E3","#999999FF",,"0.2",,"FALSE",0.5,"1",1,,,,,,,,,,,,,,,,,,,,,,,,,,,,,
2,1946.08860759494,0.604863434391514,"1",-1,,"#CBC3E3","#999999FF",,"0.2",,"FALSE",0.5,"1",1,,,,,,,,,,,,,,,,,,,,,,,,,,,,,
2,1949.73417721519,0.605441401446509,"1",-1,,"#CBC3E3","#999999FF",,"0.2",,"FALSE",0.5,"1",1,,,,,,,,,,,,,,,,,,,,,,,,,,,,,
2,1953.37974683544,0.606019368501503,"1",-1,,"#CBC3E3","#999999FF",,"0.2",,"FALSE",0.5,"1",1,,,,,,,,,,,,,,,,,,,,,,,,,,,,,
2,1957.0253164557,0.606597335556498,"1",-1,,"#CBC3E3","#999999FF",,"0.2",,"FALSE",0.5,"1",1,,,,,,,,,,,,,,,,,,,,,,,,,,,,,
2,1960.67088607595,0.607175302611493,"1",-1,,"#CBC3E3","#999999FF",,"0.2",,"FALSE",0.5,"1",1,,,,,,,,,,,,,,,,,,,,,,,,,,,,,
2,1964.3164556962,0.607753269666487,"1",-1,,"#CBC3E3","#999999FF",,"0.2",,"FALSE",0.5,"1",1,,,,,,,,,,,,,,,,,,,,,,,,,,,,,
2,1967.96202531646,0.608331236721482,"1",-1,,"#CBC3E3","#999999FF",,"0.2",,"FALSE",0.5,"1",1,,,,,,,,,,,,,,,,,,,,,,,,,,,,,
2,1971.60759493671,0.608909203776477,"1",-1,,"#CBC3E3","#999999FF",,"0.2",,"FALSE",0.5,"1",1,,,,,,,,,,,,,,,,,,,,,,,,,,,,,
2,1975.25316455696,0.609487170831472,"1",-1,,"#CBC3E3","#999999FF",,"0.2",,"FALSE",0.5,"1",1,,,,,,,,,,,,,,,,,,,,,,,,,,,,,
2,1978.89873417722,0.610065137886466,"1",-1,,"#CBC3E3","#999999FF",,"0.2",,"FALSE",0.5,"1",1,,,,,,,,,,,,,,,,,,,,,,,,,,,,,
2,1982.54430379747,0.610643104941461,"1",-1,,"#CBC3E3","#999999FF",,"0.2",,"FALSE",0.5,"1",1,,,,,,,,,,,,,,,,,,,,,,,,,,,,,
2,1986.18987341772,0.611221071996456,"1",-1,,"#CBC3E3","#999999FF",,"0.2",,"FALSE",0.5,"1",1,,,,,,,,,,,,,,,,,,,,,,,,,,,,,
2,1989.83544303797,0.61179903905145,"1",-1,,"#CBC3E3","#999999FF",,"0.2",,"FALSE",0.5,"1",1,,,,,,,,,,,,,,,,,,,,,,,,,,,,,
2,1993.48101265823,0.612377006106445,"1",-1,,"#CBC3E3","#999999FF",,"0.2",,"FALSE",0.5,"1",1,,,,,,,,,,,,,,,,,,,,,,,,,,,,,
2,1997.12658227848,0.61295497316144,"1",-1,,"#CBC3E3","#999999FF",,"0.2",,"FALSE",0.5,"1",1,,,,,,,,,,,,,,,,,,,,,,,,,,,,,
2,2000.77215189873,0.613532940216434,"1",-1,,"#CBC3E3","#999999FF",,"0.2",,"FALSE",0.5,"1",1,,,,,,,,,,,,,,,,,,,,,,,,,,,,,
2,2004.41772151899,0.614110907271429,"1",-1,,"#CBC3E3","#999999FF",,"0.2",,"FALSE",0.5,"1",1,,,,,,,,,,,,,,,,,,,,,,,,,,,,,
2,2008.06329113924,0.614688874326424,"1",-1,,"#CBC3E3","#999999FF",,"0.2",,"FALSE",0.5,"1",1,,,,,,,,,,,,,,,,,,,,,,,,,,,,,
2,2011.70886075949,0.615266841381419,"1",-1,,"#CBC3E3","#999999FF",,"0.2",,"FALSE",0.5,"1",1,,,,,,,,,,,,,,,,,,,,,,,,,,,,,
2,2015.35443037975,0.615844808436413,"1",-1,,"#CBC3E3","#999999FF",,"0.2",,"FALSE",0.5,"1",1,,,,,,,,,,,,,,,,,,,,,,,,,,,,,
2,2019,0.616422775491408,"1",-1,,"#CBC3E3","#999999FF",,"0.2",,"FALSE",0.5,"1",1,,,,,,,,,,,,,,,,,,,,,,,,,,,,,
3,1731,0.46,"1",-1,,"black","#FFFFFFB2",2.5,,,,,,,"Copley Medal",1,,1731.45,0.46,0,"",1,1.2,0.5,0.5,1,1,0.5,0,90,1,0.5,"TRUE",1,"FALSE","FALSE","grey50",0.6,,,,,
3,1901,1,"1",-1,,"black","#FFFFFFB2",2.5,,,,,,,"Nobel Prize in Physics",1,1900.55,1901.45,1,0,"",1,1.2,0.5,0.5,1,1,0.5,0,90,1,0.5,"TRUE",1,"FALSE","FALSE","grey50",0.6,,,,,
3,1901,1,"1",-1,,"black","#FFFFFFB2",2.5,,,,,,,"Nobel Prize in Chemistry",1,1900.55,1901.45,1,0,"",1,1.2,0.5,0.5,1,1,0.5,0,90,1,0.5,"TRUE",1,"FALSE","FALSE","grey50",0.6,,,,,
3,1936,0.95,"1",-1,,"black","#FFFFFFB2",2.5,,,,,,,"Fields Medal",1,1935.55,1936.45,0.95,0,"",1,1.2,0.5,0.5,1,1,0.5,0,90,1,0.5,"TRUE",1,"FALSE","FALSE","grey50",0.6,,,,,
3,1966,0.82,"1",-1,,"black","#FFFFFFB2",2.5,,,,,,,"A. M. Turing Award",1,1965.55,1966.45,0.82,0,"",1,1.2,0.5,0.5,1,1,0.5,0,90,1,0.5,"TRUE",1,"FALSE","FALSE","grey50",0.6,,,,,
3,2013,0.51,"1",-1,,"black","#FFFFFFB2",2.5,,,,,,,"Queen Elizabeth Prize for Engineering",1,2012.55,2013.45,0.51,0,"",1,1.2,0.5,0.5,1,1,0.5,0,90,1,0.5,"TRUE",1,"FALSE","FALSE","grey50",0.6,,,,,
4,1983,0.62,"1",-1,,"grey50",,,"0.6",,,0.5,"1",,,,,,,,,,,,,,,,,,,,,,,,,,2011,0.555,,,
5,1983,0.62,"1",-1,,"black",,2.5,,,,,,,"Breakthrough Prize in Fundamental Physics",,,,,0,"",1,1.2,1,0.5,,,,,,,,,,,,,,,,0,0,
6,,,"1",-1,,"black",,,,,,0.05,"solid",,,,,,,,,,,,,,,,,,,,,,,,,,,,,,0
7,1800,0.3,"1",-1,,"#CBC3E3",,2.5,,,,,,,"Linear Fit",,,,,0,"",1,1.2,0,0.5,,,,,,,,,,,,,,,,,,
